document_type,document_number,database_id,date,amount,currency,customer_supplier,bank_account,journal_number,exact_problem_fields,exact_problem,why_cannot_repair_automatically,recommended_action,classification,safe_to_delete_and_recreate,disposition
"bank_reconciliation","(none)","5b0a4dfb-666a-43a1-a834-89f2745200c4","2025-12-01","4500000.00","IDR","","BCA Bank · 0930 2010 14 · IDR","JE2511-0067","matched_entry_id, journal_entry_lines.account_id, bank_account_id","Reconciled bank line points to an Expense journal that does not post to this bank account GL","Reconciled bank line points to an Expense journal that does not post to this bank account GL","Accountant decision for the linked Expense: correcting/reclassification entry or formal reversal and reposting; do not silently change the posted journal account","Historical accounting decision required","false","Keep — deletion/recreation could remove audit evidence or rewrite posted history; resolve through an authorised manual correction"
"bank_reconciliation","(none)","2406598b-44b1-4e70-a4cf-f5a9bd41523f","2025-12-30","3800000.00","IDR","","BCA Bank · 0930 2010 14 · IDR","JE2512-0120","matched_entry_id, journal_entry_lines.account_id, bank_account_id","Reconciled bank line points to an Expense journal that does not post to this bank account GL","Reconciled bank line points to an Expense journal that does not post to this bank account GL","Accountant decision for the linked Expense: correcting/reclassification entry or formal reversal and reposting; do not silently change the posted journal account","Historical accounting decision required","false","Keep — deletion/recreation could remove audit evidence or rewrite posted history; resolve through an authorised manual correction"
"bank_reconciliation","(none)","38a49cdd-3ee0-4e73-9359-3e1591a1d7e4","2025-12-30","3000000.00","IDR","","BCA Bank · 0930 2010 14 · IDR","JE2512-0125","matched_entry_id, journal_entry_lines.account_id, bank_account_id","Reconciled bank line points to an Expense journal that does not post to this bank account GL","Reconciled bank line points to an Expense journal that does not post to this bank account GL","Accountant decision for the linked Expense: correcting/reclassification entry or formal reversal and reposting; do not silently change the posted journal account","Historical accounting decision required","false","Keep — deletion/recreation could remove audit evidence or rewrite posted history; resolve through an authorised manual correction"
"bank_reconciliation","(none)","8cfd3ea8-9441-43ba-b859-daad5c8f7f42","2025-12-30","5000000.00","IDR","","BCA Bank · 0930 2010 14 · IDR","JE2512-0126","matched_entry_id, journal_entry_lines.account_id, bank_account_id","Reconciled bank line points to an Expense journal that does not post to this bank account GL","Reconciled bank line points to an Expense journal that does not post to this bank account GL","Accountant decision for the linked Expense: correcting/reclassification entry or formal reversal and reposting; do not silently change the posted journal account","Historical accounting decision required","false","Keep — deletion/recreation could remove audit evidence or rewrite posted history; resolve through an authorised manual correction"
"bank_reconciliation","(none)","9903bb75-b6c2-4911-812e-6a5d5ebe1f20","2025-12-30","3000000.00","IDR","","BCA Bank · 0930 2010 14 · IDR","JE2512-0121","matched_entry_id, journal_entry_lines.account_id, bank_account_id","Reconciled bank line points to an Expense journal that does not post to this bank account GL","Reconciled bank line points to an Expense journal that does not post to this bank account GL","Accountant decision for the linked Expense: correcting/reclassification entry or formal reversal and reposting; do not silently change the posted journal account","Historical accounting decision required","false","Keep — deletion/recreation could remove audit evidence or rewrite posted history; resolve through an authorised manual correction"
"bank_reconciliation","(none)","b8f5c6f4-4717-44e0-a70b-9a8725ca944f","2025-12-30","3500000.00","IDR","","BCA Bank · 0930 2010 14 · IDR","JE2512-0123","matched_entry_id, journal_entry_lines.account_id, bank_account_id","Reconciled bank line points to an Expense journal that does not post to this bank account GL","Reconciled bank line points to an Expense journal that does not post to this bank account GL","Accountant decision for the linked Expense: correcting/reclassification entry or formal reversal and reposting; do not silently change the posted journal account","Historical accounting decision required","false","Keep — deletion/recreation could remove audit evidence or rewrite posted history; resolve through an authorised manual correction"
"bank_reconciliation","(none)","79eec22f-8be7-47cb-8f62-b5f313425580","2026-02-18","570000.00","IDR","","BCA Bank · 0930 2010 14 · IDR","JE2602-0125","matched_entry_id, journal_entry_lines.account_id, bank_account_id","Reconciled bank line points to an Expense journal that does not post to this bank account GL","Reconciled bank line points to an Expense journal that does not post to this bank account GL","Accountant decision for the linked Expense: correcting/reclassification entry or formal reversal and reposting; do not silently change the posted journal account","Historical accounting decision required","false","Keep — deletion/recreation could remove audit evidence or rewrite posted history; resolve through an authorised manual correction"
"capital_contribution","CC2603-0001","adb03173-061d-4d86-bdf6-41c61636ed9c","2026-03-04","2000.00","USD","","BCA Bank · 0930 2010 22 · USD","JE2607-0050","exchange_rate","Legacy USD capital contribution has no authoritative historical exchange rate; accounting amounts were preserved unchanged","Legacy USD capital contribution has no authoritative historical exchange rate; accounting amounts were preserved unchanged","Authoritative USD-to-IDR rate and rate source for the contribution date","Historical accounting decision required","false","Keep — deletion/recreation could remove audit evidence or rewrite posted history; resolve through an authorised manual correction"
"capital_contribution","CC2606-0001","526ac9e3-044e-4ccf-b032-5d95bbcebe19","2026-06-11","4200.00","USD","","BCA Bank · 0930 2010 22 · USD","JE2607-0049","exchange_rate","Legacy USD capital contribution has no authoritative historical exchange rate; accounting amounts were preserved unchanged","Legacy USD capital contribution has no authoritative historical exchange rate; accounting amounts were preserved unchanged","Authoritative USD-to-IDR rate and rate source for the contribution date","Historical accounting decision required","false","Keep — deletion/recreation could remove audit evidence or rewrite posted history; resolve through an authorised manual correction"
"expense","EXP/25/005","c0d375ad-34ae-4f23-81d6-75eea343e2f2","2025-01-31","5.00","USD","","BCA Bank · 0930 2010 22 · USD","JV/24-25/007","exchange_rate","USD currency is certain but no historical transaction-date rate is stored","USD currency is certain but no historical transaction-date rate is stored","Authoritative USD-to-IDR rate and rate source/date","Historical accounting decision required","false","Keep — deletion/recreation could remove audit evidence or rewrite posted history; resolve through an authorised manual correction"
"expense","EXP/25/015","f5e42acc-6ae1-4409-ad9a-a8ede1baa7f2","2025-02-28","5.00","USD","","BCA Bank · 0930 2010 22 · USD","JV/24-25/019","exchange_rate","USD currency is certain but no historical transaction-date rate is stored","USD currency is certain but no historical transaction-date rate is stored","Authoritative USD-to-IDR rate and rate source/date","Historical accounting decision required","false","Keep — deletion/recreation could remove audit evidence or rewrite posted history; resolve through an authorised manual correction"
"expense","EXP/25/030","cd8aae87-0424-4c2d-b980-2a5b3b65b3ce","2025-03-31","5.00","USD","","BCA Bank · 0930 2010 22 · USD","JV/24-25/037","exchange_rate","USD currency is certain but no historical transaction-date rate is stored","USD currency is certain but no historical transaction-date rate is stored","Authoritative USD-to-IDR rate and rate source/date","Historical accounting decision required","false","Keep — deletion/recreation could remove audit evidence or rewrite posted history; resolve through an authorised manual correction"
"expense","EXP/25/038","cf4f4035-0245-4f8f-b050-c90145035088","2025-04-30","5.00","USD","","BCA Bank · 0930 2010 22 · USD","JV/25-26/012","exchange_rate","USD currency is certain but no historical transaction-date rate is stored","USD currency is certain but no historical transaction-date rate is stored","Authoritative USD-to-IDR rate and rate source/date","Historical accounting decision required","false","Keep — deletion/recreation could remove audit evidence or rewrite posted history; resolve through an authorised manual correction"
"expense","EXP/25/052","7a7f6690-c4e1-46ec-b655-bf744c29f220","2025-05-31","5.00","USD","","BCA Bank · 0930 2010 22 · USD","JV/25-26/029","exchange_rate","USD currency is certain but no historical transaction-date rate is stored","USD currency is certain but no historical transaction-date rate is stored","Authoritative USD-to-IDR rate and rate source/date","Historical accounting decision required","false","Keep — deletion/recreation could remove audit evidence or rewrite posted history; resolve through an authorised manual correction"
"expense","EXP/25/072","d2cfd0eb-ba5e-40e4-a665-b4ec1d54b594","2025-06-30","5.00","USD","","BCA Bank · 0930 2010 22 · USD","JV/25-26/053","exchange_rate","USD currency is certain but no historical transaction-date rate is stored","USD currency is certain but no historical transaction-date rate is stored","Authoritative USD-to-IDR rate and rate source/date","Historical accounting decision required","false","Keep — deletion/recreation could remove audit evidence or rewrite posted history; resolve through an authorised manual correction"
"expense","EXP/25/086","0e07366e-5851-4074-9082-cac63674b79c","2025-07-31","5.00","USD","","BCA Bank · 0930 2010 22 · USD","JV/25-26/081","exchange_rate","USD currency is certain but no historical transaction-date rate is stored","USD currency is certain but no historical transaction-date rate is stored","Authoritative USD-to-IDR rate and rate source/date","Historical accounting decision required","false","Keep — deletion/recreation could remove audit evidence or rewrite posted history; resolve through an authorised manual correction"
"expense","EXP/25/101","8af9045d-b801-4d1e-b1a2-255d7cd2cd75","2025-08-31","5.00","USD","","BCA Bank · 0930 2010 22 · USD","JV/25-26/104","exchange_rate","USD currency is certain but no historical transaction-date rate is stored","USD currency is certain but no historical transaction-date rate is stored","Authoritative USD-to-IDR rate and rate source/date","Historical accounting decision required","false","Keep — deletion/recreation could remove audit evidence or rewrite posted history; resolve through an authorised manual correction"
"expense","EXP/25-25/001","f41dc50f-cf32-4ab6-916f-212d35ff3fbb","2025-09-30","5.00","USD","","BCA Bank · 0930 2010 22 · USD","JE2509-0026","exchange_rate","USD currency is certain but no historical transaction-date rate is stored","USD currency is certain but no historical transaction-date rate is stored","Authoritative USD-to-IDR rate and rate source/date","Historical accounting decision required","false","Keep — deletion/recreation could remove audit evidence or rewrite posted history; resolve through an authorised manual correction"
"expense","EXP/25/127","a483d602-af68-49af-bc16-df4bbf834a72","2025-09-30","5.00","USD","","BCA Bank · 0930 2010 22 · USD","JE2509-0025","exchange_rate","USD currency is certain but no historical transaction-date rate is stored","USD currency is certain but no historical transaction-date rate is stored","Authoritative USD-to-IDR rate and rate source/date","Historical accounting decision required","false","Keep — deletion/recreation could remove audit evidence or rewrite posted history; resolve through an authorised manual correction"
"expense","EXP/25-25/002","bbb3b5df-fdea-42f7-9e44-081c63238750","2025-10-31","5.00","USD","","BCA Bank · 0930 2010 22 · USD","JE2510-0060","exchange_rate","USD currency is certain but no historical transaction-date rate is stored","USD currency is certain but no historical transaction-date rate is stored","Authoritative USD-to-IDR rate and rate source/date","Historical accounting decision required","false","Keep — deletion/recreation could remove audit evidence or rewrite posted history; resolve through an authorised manual correction"
"expense","EXP/25/182","973b749e-e8cc-41f9-9d7e-15a261823ab5","2025-10-31","5.00","USD","","BCA Bank · 0930 2010 22 · USD","JE2510-0055","exchange_rate","USD currency is certain but no historical transaction-date rate is stored","USD currency is certain but no historical transaction-date rate is stored","Authoritative USD-to-IDR rate and rate source/date","Historical accounting decision required","false","Keep — deletion/recreation could remove audit evidence or rewrite posted history; resolve through an authorised manual correction"
"expense","EXP/25-25/003","f316339e-30f3-48c7-b034-e6fd4d982644","2025-11-30","5.00","USD","","BCA Bank · 0930 2010 22 · USD","JE2511-0075","exchange_rate","USD currency is certain but no historical transaction-date rate is stored","USD currency is certain but no historical transaction-date rate is stored","Authoritative USD-to-IDR rate and rate source/date","Historical accounting decision required","false","Keep — deletion/recreation could remove audit evidence or rewrite posted history; resolve through an authorised manual correction"
"expense","EXP/25/253","69ea5d02-4801-484e-ac23-691d1024167d","2025-11-30","5.00","USD","","BCA Bank · 0930 2010 22 · USD","JE2511-0069","exchange_rate","USD currency is certain but no historical transaction-date rate is stored","USD currency is certain but no historical transaction-date rate is stored","Authoritative USD-to-IDR rate and rate source/date","Historical accounting decision required","false","Keep — deletion/recreation could remove audit evidence or rewrite posted history; resolve through an authorised manual correction"
"expense","EXP/25/291","2c6f954f-d3d9-466d-b8f1-b5a93f138e3f","2025-12-19","1.00","USD","","BCA Bank · 0930 2010 22 · USD","JE2512-0107","exchange_rate","USD currency is certain but no historical transaction-date rate is stored","USD currency is certain but no historical transaction-date rate is stored","Authoritative USD-to-IDR rate and rate source/date","Historical accounting decision required","false","Keep — deletion/recreation could remove audit evidence or rewrite posted history; resolve through an authorised manual correction"
"expense","EXP/25/303","56cf1b07-3b39-4bfc-9cd8-c2708464f476","2025-12-31","3500000.00","IDR","","BCA Bank · 0930 2010 14 · IDR","JE2512-0123","journal_entry_lines.account_id, bank_account_id","Posted expense journal does not use the Expense bank account GL account; legacy logic posted Cash on Hand or another account","Posted expense journal does not use the Expense bank account GL account; legacy logic posted Cash on Hand or another account","Accountant decision: retain history and post an authorised correcting/reclassification entry, or formally reverse and repost the document","Historical accounting decision required","false","Keep — deletion/recreation could remove audit evidence or rewrite posted history; resolve through an authorised manual correction"
"expense","EXP/25/304","78d9b9b2-741f-43eb-8850-c0d3813d8523","2025-12-31","3000000.00","IDR","","BCA Bank · 0930 2010 14 · IDR","JE2512-0121","journal_entry_lines.account_id, bank_account_id","Posted expense journal does not use the Expense bank account GL account; legacy logic posted Cash on Hand or another account","Posted expense journal does not use the Expense bank account GL account; legacy logic posted Cash on Hand or another account","Accountant decision: retain history and post an authorised correcting/reclassification entry, or formally reverse and repost the document","Historical accounting decision required","false","Keep — deletion/recreation could remove audit evidence or rewrite posted history; resolve through an authorised manual correction"
"expense","EXP/25/306","bbc5ceb1-f476-402c-8441-1cb960b266c7","2025-12-31","3800000.00","IDR","","BCA Bank · 0930 2010 14 · IDR","JE2512-0120","journal_entry_lines.account_id, bank_account_id","Posted expense journal does not use the Expense bank account GL account; legacy logic posted Cash on Hand or another account","Posted expense journal does not use the Expense bank account GL account; legacy logic posted Cash on Hand or another account","Accountant decision: retain history and post an authorised correcting/reclassification entry, or formally reverse and repost the document","Historical accounting decision required","false","Keep — deletion/recreation could remove audit evidence or rewrite posted history; resolve through an authorised manual correction"
"expense","EXP/25/307","cce06b2c-d307-4bf9-900a-a12b42e05c10","2025-12-31","5000000.00","IDR","","BCA Bank · 0930 2010 14 · IDR","JE2512-0126","journal_entry_lines.account_id, bank_account_id","Posted expense journal does not use the Expense bank account GL account; legacy logic posted Cash on Hand or another account","Posted expense journal does not use the Expense bank account GL account; legacy logic posted Cash on Hand or another account","Accountant decision: retain history and post an authorised correcting/reclassification entry, or formally reverse and repost the document","Historical accounting decision required","false","Keep — deletion/recreation could remove audit evidence or rewrite posted history; resolve through an authorised manual correction"
"expense","EXP/25/308","00c288ee-cec3-45f7-9271-406e13662437","2025-12-31","3000000.00","IDR","","BCA Bank · 0930 2010 14 · IDR","JE2512-0125","journal_entry_lines.account_id, bank_account_id","Posted expense journal does not use the Expense bank account GL account; legacy logic posted Cash on Hand or another account","Posted expense journal does not use the Expense bank account GL account; legacy logic posted Cash on Hand or another account","Accountant decision: retain history and post an authorised correcting/reclassification entry, or formally reverse and repost the document","Historical accounting decision required","false","Keep — deletion/recreation could remove audit evidence or rewrite posted history; resolve through an authorised manual correction"
"expense","EXP/25/312","eea9d9ae-35cf-4fbc-810e-265ade6c9b30","2025-12-31","5.00","USD","","BCA Bank · 0930 2010 22 · USD","JE2512-0137","exchange_rate","USD currency is certain but no historical transaction-date rate is stored","USD currency is certain but no historical transaction-date rate is stored","Authoritative USD-to-IDR rate and rate source/date","Historical accounting decision required","false","Keep — deletion/recreation could remove audit evidence or rewrite posted history; resolve through an authorised manual correction"
"expense","EXP/26-26/076","9a03be92-2800-430a-92c4-5b61663ce7a7","2026-01-31","5.00","USD","","BCA Bank · 0930 2010 22 · USD","JE2601-0166","exchange_rate","USD currency is certain but no historical transaction-date rate is stored","USD currency is certain but no historical transaction-date rate is stored","Authoritative USD-to-IDR rate and rate source/date","Historical accounting decision required","false","Keep — deletion/recreation could remove audit evidence or rewrite posted history; resolve through an authorised manual correction"
"expense","EXP/26-26/077","4d44a9cf-996b-44cd-9c20-24954bfadeeb","2026-01-31","5.00","USD","","BCA Bank · 0930 2010 22 · USD","JE2601-0167","exchange_rate","USD currency is certain but no historical transaction-date rate is stored","USD currency is certain but no historical transaction-date rate is stored","Authoritative USD-to-IDR rate and rate source/date","Historical accounting decision required","false","Keep — deletion/recreation could remove audit evidence or rewrite posted history; resolve through an authorised manual correction"
"expense","EXP/26/090","26b9194e-7246-4bf1-b822-a2467ab234c4","2026-02-18","570000.00","IDR","","BCA Bank · 0930 2010 14 · IDR","JE2602-0125","journal_entry_lines.account_id, bank_account_id","Posted expense journal does not use the Expense bank account GL account; legacy logic posted Cash on Hand or another account","Posted expense journal does not use the Expense bank account GL account; legacy logic posted Cash on Hand or another account","Accountant decision: retain history and post an authorised correcting/reclassification entry, or formally reverse and repost the document","Historical accounting decision required","false","Keep — deletion/recreation could remove audit evidence or rewrite posted history; resolve through an authorised manual correction"
"expense","EXP/26-26/078","cccd874b-63f1-4e4b-9c0a-ce1b3c7456c8","2026-02-28","5.00","USD","","BCA Bank · 0930 2010 22 · USD","JE2602-0166","exchange_rate","USD currency is certain but no historical transaction-date rate is stored","USD currency is certain but no historical transaction-date rate is stored","Authoritative USD-to-IDR rate and rate source/date","Historical accounting decision required","false","Keep — deletion/recreation could remove audit evidence or rewrite posted history; resolve through an authorised manual correction"
"expense","EXP/26-26/079","982d2921-ddbc-4cc0-aad5-aca13e0e054f","2026-02-28","5.00","USD","","BCA Bank · 0930 2010 22 · USD","JE2602-0167","exchange_rate","USD currency is certain but no historical transaction-date rate is stored","USD currency is certain but no historical transaction-date rate is stored","Authoritative USD-to-IDR rate and rate source/date","Historical accounting decision required","false","Keep — deletion/recreation could remove audit evidence or rewrite posted history; resolve through an authorised manual correction"
"expense","EXP/26-26/080","ab15aac9-6a0f-4f5c-afce-a1226ccace55","2026-03-31","5.00","USD","","BCA Bank · 0930 2010 22 · USD","JE2603-0056","exchange_rate","USD currency is certain but no historical transaction-date rate is stored","USD currency is certain but no historical transaction-date rate is stored","Authoritative USD-to-IDR rate and rate source/date","Historical accounting decision required","false","Keep — deletion/recreation could remove audit evidence or rewrite posted history; resolve through an authorised manual correction"
"expense","EXP/26-26/081","237dfc77-6b48-4484-bccb-8dff78fbfd7b","2026-04-30","5.00","USD","","BCA Bank · 0930 2010 22 · USD","JE2604-0064","exchange_rate","USD currency is certain but no historical transaction-date rate is stored","USD currency is certain but no historical transaction-date rate is stored","Authoritative USD-to-IDR rate and rate source/date","Historical accounting decision required","false","Keep — deletion/recreation could remove audit evidence or rewrite posted history; resolve through an authorised manual correction"
"expense","EXP/26-26/082","7a2210d0-3c64-4801-a984-9cf4fb85147c","2026-05-31","5.00","USD","","BCA Bank · 0930 2010 22 · USD","JE2605-0038","exchange_rate","USD currency is certain but no historical transaction-date rate is stored","USD currency is certain but no historical transaction-date rate is stored","Authoritative USD-to-IDR rate and rate source/date","Historical accounting decision required","false","Keep — deletion/recreation could remove audit evidence or rewrite posted history; resolve through an authorised manual correction"
"expense","EXP/26-26/083","b6b7b188-e828-4865-9bae-5156dc7c09aa","2026-06-01","5.00","USD","","BCA Bank · 0930 2010 22 · USD","JE2606-0074","exchange_rate","USD currency is certain but no historical transaction-date rate is stored","USD currency is certain but no historical transaction-date rate is stored","Authoritative USD-to-IDR rate and rate source/date","Historical accounting decision required","false","Keep — deletion/recreation could remove audit evidence or rewrite posted history; resolve through an authorised manual correction"
"fund_transfer","FT2601-0025","c37bc3c5-b43b-4d9c-86dd-8461c28bf1c6","2025-01-02","480.00","IDR","","BCA Bank · 0930 2010 22 · USD -> BCA Bank · 0930 2010 14 · IDR","JV/24-25/001","journal functional debit/credit, journal currency metadata","Legacy USD-source Contra stored the USD source amount in functional GL columns; posted values were not rewritten","Legacy USD-source Contra stored the USD source amount in functional GL columns; posted values were not rewritten","Accountant approval of the historical USD-to-IDR rate and a controlled correcting/reversal entry","Historical accounting decision required","false","Keep — deletion/recreation could remove audit evidence or rewrite posted history; resolve through an authorised manual correction"
"fund_transfer","FT2601-0006","09876bda-15ae-476e-9624-e3e417d40108","2025-02-03","1000.00","IDR","","BCA Bank · 0930 2010 22 · USD -> BCA Bank · 0930 2010 14 · IDR","JV/24-25/008","journal functional debit/credit, journal currency metadata","Legacy USD-source Contra stored the USD source amount in functional GL columns; posted values were not rewritten","Legacy USD-source Contra stored the USD source amount in functional GL columns; posted values were not rewritten","Accountant approval of the historical USD-to-IDR rate and a controlled correcting/reversal entry","Historical accounting decision required","false","Keep — deletion/recreation could remove audit evidence or rewrite posted history; resolve through an authorised manual correction"
"fund_transfer","FT2601-0007","b87e815a-289d-483e-99eb-6c8d2fdac0ce","2025-02-26","1000.00","IDR","","BCA Bank · 0930 2010 22 · USD -> BCA Bank · 0930 2010 14 · IDR","JV/24-25/016","journal functional debit/credit, journal currency metadata","Legacy USD-source Contra stored the USD source amount in functional GL columns; posted values were not rewritten","Legacy USD-source Contra stored the USD source amount in functional GL columns; posted values were not rewritten","Accountant approval of the historical USD-to-IDR rate and a controlled correcting/reversal entry","Historical accounting decision required","false","Keep — deletion/recreation could remove audit evidence or rewrite posted history; resolve through an authorised manual correction"
"fund_transfer","FT2601-0023","ea675c5c-251d-4626-840f-416e9fd92505","2025-03-03","600.00","IDR","","BCA Bank · 0930 2010 22 · USD -> BCA Bank · 0930 2010 14 · IDR","JV/24-25/020","journal functional debit/credit, journal currency metadata","Legacy USD-source Contra stored the USD source amount in functional GL columns; posted values were not rewritten","Legacy USD-source Contra stored the USD source amount in functional GL columns; posted values were not rewritten","Accountant approval of the historical USD-to-IDR rate and a controlled correcting/reversal entry","Historical accounting decision required","false","Keep — deletion/recreation could remove audit evidence or rewrite posted history; resolve through an authorised manual correction"
"fund_transfer","FT2601-0022","81a2dd8a-5e10-4267-956e-21601e102499","2025-03-13","100.00","IDR","","BCA Bank · 0930 2010 22 · USD -> BCA Bank · 0930 2010 14 · IDR","JV/24-25/025","journal functional debit/credit, journal currency metadata","Legacy USD-source Contra stored the USD source amount in functional GL columns; posted values were not rewritten","Legacy USD-source Contra stored the USD source amount in functional GL columns; posted values were not rewritten","Accountant approval of the historical USD-to-IDR rate and a controlled correcting/reversal entry","Historical accounting decision required","false","Keep — deletion/recreation could remove audit evidence or rewrite posted history; resolve through an authorised manual correction"
"fund_transfer","FT2601-0021","fbe74a1f-2627-4d9d-84dd-1877fc7bbad4","2025-03-21","850.00","IDR","","BCA Bank · 0930 2010 22 · USD -> BCA Bank · 0930 2010 14 · IDR","JV/24-25/029","journal functional debit/credit, journal currency metadata","Legacy USD-source Contra stored the USD source amount in functional GL columns; posted values were not rewritten","Legacy USD-source Contra stored the USD source amount in functional GL columns; posted values were not rewritten","Accountant approval of the historical USD-to-IDR rate and a controlled correcting/reversal entry","Historical accounting decision required","false","Keep — deletion/recreation could remove audit evidence or rewrite posted history; resolve through an authorised manual correction"
"fund_transfer","FT2601-0008","59fe6c79-6c53-4dc1-8dc1-be5e2cd16028","2025-04-09","500.00","IDR","","BCA Bank · 0930 2010 22 · USD -> BCA Bank · 0930 2010 14 · IDR","JV/25-26/001","journal functional debit/credit, journal currency metadata","Legacy USD-source Contra stored the USD source amount in functional GL columns; posted values were not rewritten","Legacy USD-source Contra stored the USD source amount in functional GL columns; posted values were not rewritten","Accountant approval of the historical USD-to-IDR rate and a controlled correcting/reversal entry","Historical accounting decision required","false","Keep — deletion/recreation could remove audit evidence or rewrite posted history; resolve through an authorised manual correction"
"fund_transfer","FT2601-0009","0f61368b-4174-4820-9f9d-184a016c234d","2025-04-14","300.00","IDR","","BCA Bank · 0930 2010 22 · USD -> BCA Bank · 0930 2010 14 · IDR","JV/25-26/003","journal functional debit/credit, journal currency metadata","Legacy USD-source Contra stored the USD source amount in functional GL columns; posted values were not rewritten","Legacy USD-source Contra stored the USD source amount in functional GL columns; posted values were not rewritten","Accountant approval of the historical USD-to-IDR rate and a controlled correcting/reversal entry","Historical accounting decision required","false","Keep — deletion/recreation could remove audit evidence or rewrite posted history; resolve through an authorised manual correction"
"fund_transfer","FT2601-0010","d7179615-12f7-4b61-bb8d-61d90cd2d17e","2025-04-15","200.00","IDR","","BCA Bank · 0930 2010 22 · USD -> BCA Bank · 0930 2010 14 · IDR","JV/25-26/005","journal functional debit/credit, journal currency metadata","Legacy USD-source Contra stored the USD source amount in functional GL columns; posted values were not rewritten","Legacy USD-source Contra stored the USD source amount in functional GL columns; posted values were not rewritten","Accountant approval of the historical USD-to-IDR rate and a controlled correcting/reversal entry","Historical accounting decision required","false","Keep — deletion/recreation could remove audit evidence or rewrite posted history; resolve through an authorised manual correction"
"fund_transfer","FT2601-0011","27f149fc-84e2-4e38-90ab-fe5e110ca741","2025-04-25","100.00","IDR","","BCA Bank · 0930 2010 22 · USD -> BCA Bank · 0930 2010 14 · IDR","JV/25-26/009","journal functional debit/credit, journal currency metadata","Legacy USD-source Contra stored the USD source amount in functional GL columns; posted values were not rewritten","Legacy USD-source Contra stored the USD source amount in functional GL columns; posted values were not rewritten","Accountant approval of the historical USD-to-IDR rate and a controlled correcting/reversal entry","Historical accounting decision required","false","Keep — deletion/recreation could remove audit evidence or rewrite posted history; resolve through an authorised manual correction"
"fund_transfer","FT2601-0012","a2f7c9bf-c82f-404f-b248-ea406972e261","2025-05-09","200.00","IDR","","BCA Bank · 0930 2010 22 · USD -> BCA Bank · 0930 2010 14 · IDR","JV/25-26/017","journal functional debit/credit, journal currency metadata","Legacy USD-source Contra stored the USD source amount in functional GL columns; posted values were not rewritten","Legacy USD-source Contra stored the USD source amount in functional GL columns; posted values were not rewritten","Accountant approval of the historical USD-to-IDR rate and a controlled correcting/reversal entry","Historical accounting decision required","false","Keep — deletion/recreation could remove audit evidence or rewrite posted history; resolve through an authorised manual correction"
"fund_transfer","FT2601-0013","168c11de-af96-49fe-be32-0cb5ac5ebdd5","2025-05-19","600.00","IDR","","BCA Bank · 0930 2010 22 · USD -> BCA Bank · 0930 2010 14 · IDR","JV/25-26/019","journal functional debit/credit, journal currency metadata","Legacy USD-source Contra stored the USD source amount in functional GL columns; posted values were not rewritten","Legacy USD-source Contra stored the USD source amount in functional GL columns; posted values were not rewritten","Accountant approval of the historical USD-to-IDR rate and a controlled correcting/reversal entry","Historical accounting decision required","false","Keep — deletion/recreation could remove audit evidence or rewrite posted history; resolve through an authorised manual correction"
"fund_transfer","FT2601-0014","cff693aa-0f10-4326-adc9-f2a1e2a8d2d8","2025-05-28","700.00","IDR","","BCA Bank · 0930 2010 22 · USD -> BCA Bank · 0930 2010 14 · IDR","JV/25-26/023","journal functional debit/credit, journal currency metadata","Legacy USD-source Contra stored the USD source amount in functional GL columns; posted values were not rewritten","Legacy USD-source Contra stored the USD source amount in functional GL columns; posted values were not rewritten","Accountant approval of the historical USD-to-IDR rate and a controlled correcting/reversal entry","Historical accounting decision required","false","Keep — deletion/recreation could remove audit evidence or rewrite posted history; resolve through an authorised manual correction"
"fund_transfer","FT2601-0020","58891566-ee54-4a94-a1af-c25e87cfdd1b","2025-06-21","500.00","IDR","","BCA Bank · 0930 2010 22 · USD -> BCA Bank · 0930 2010 14 · IDR","JV/25-26/036","journal functional debit/credit, journal currency metadata","Legacy USD-source Contra stored the USD source amount in functional GL columns; posted values were not rewritten","Legacy USD-source Contra stored the USD source amount in functional GL columns; posted values were not rewritten","Accountant approval of the historical USD-to-IDR rate and a controlled correcting/reversal entry","Historical accounting decision required","false","Keep — deletion/recreation could remove audit evidence or rewrite posted history; resolve through an authorised manual correction"
"fund_transfer","FT2601-0019","00aeb8d2-784d-4a8c-90a4-bf374c74c88a","2025-07-01","900.00","IDR","","BCA Bank · 0930 2010 22 · USD -> BCA Bank · 0930 2010 14 · IDR","JV/25-26/066","journal functional debit/credit, journal currency metadata","Legacy USD-source Contra stored the USD source amount in functional GL columns; posted values were not rewritten","Legacy USD-source Contra stored the USD source amount in functional GL columns; posted values were not rewritten","Accountant approval of the historical USD-to-IDR rate and a controlled correcting/reversal entry","Historical accounting decision required","false","Keep — deletion/recreation could remove audit evidence or rewrite posted history; resolve through an authorised manual correction"
"fund_transfer","FT2601-0015","f65c15e5-88a3-45c6-8c6f-0d7ef45d7845","2025-08-01","950.00","IDR","","BCA Bank · 0930 2010 22 · USD -> BCA Bank · 0930 2010 14 · IDR","JV/25-26/089","journal functional debit/credit, journal currency metadata","Legacy USD-source Contra stored the USD source amount in functional GL columns; posted values were not rewritten","Legacy USD-source Contra stored the USD source amount in functional GL columns; posted values were not rewritten","Accountant approval of the historical USD-to-IDR rate and a controlled correcting/reversal entry","Historical accounting decision required","false","Keep — deletion/recreation could remove audit evidence or rewrite posted history; resolve through an authorised manual correction"
"fund_transfer","FT2601-0016","7e945186-50a7-4eb8-b20e-6b040e769ce6","2025-08-16","500.00","IDR","","BCA Bank · 0930 2010 22 · USD -> BCA Bank · 0930 2010 14 · IDR","JV/25-26/091","journal functional debit/credit, journal currency metadata","Legacy USD-source Contra stored the USD source amount in functional GL columns; posted values were not rewritten","Legacy USD-source Contra stored the USD source amount in functional GL columns; posted values were not rewritten","Accountant approval of the historical USD-to-IDR rate and a controlled correcting/reversal entry","Historical accounting decision required","false","Keep — deletion/recreation could remove audit evidence or rewrite posted history; resolve through an authorised manual correction"
"fund_transfer","FT2601-0017","663224a2-2b84-4387-8c19-756edf61ef6c","2025-08-19","350.00","IDR","","BCA Bank · 0930 2010 22 · USD -> BCA Bank · 0930 2010 14 · IDR","JV/25-26/094","journal functional debit/credit, journal currency metadata","Legacy USD-source Contra stored the USD source amount in functional GL columns; posted values were not rewritten","Legacy USD-source Contra stored the USD source amount in functional GL columns; posted values were not rewritten","Accountant approval of the historical USD-to-IDR rate and a controlled correcting/reversal entry","Historical accounting decision required","false","Keep — deletion/recreation could remove audit evidence or rewrite posted history; resolve through an authorised manual correction"
"fund_transfer","FT2601-0018","d8d5e315-ffbe-4367-995d-63f7a749df26","2025-08-27","500.00","IDR","","BCA Bank · 0930 2010 22 · USD -> BCA Bank · 0930 2010 14 · IDR","JV/25-26/098","journal functional debit/credit, journal currency metadata","Legacy USD-source Contra stored the USD source amount in functional GL columns; posted values were not rewritten","Legacy USD-source Contra stored the USD source amount in functional GL columns; posted values were not rewritten","Accountant approval of the historical USD-to-IDR rate and a controlled correcting/reversal entry","Historical accounting decision required","false","Keep — deletion/recreation could remove audit evidence or rewrite posted history; resolve through an authorised manual correction"
"fund_transfer","FT2601-0005","35e0a38c-6716-4c00-aa26-b39ebd0c661d","2025-09-01","750.00","IDR","","BCA Bank · 0930 2010 22 · USD -> BCA Bank · 0930 2010 14 · IDR","JV/25-26/113","journal functional debit/credit, journal currency metadata","Legacy USD-source Contra stored the USD source amount in functional GL columns; posted values were not rewritten","Legacy USD-source Contra stored the USD source amount in functional GL columns; posted values were not rewritten","Accountant approval of the historical USD-to-IDR rate and a controlled correcting/reversal entry","Historical accounting decision required","false","Keep — deletion/recreation could remove audit evidence or rewrite posted history; resolve through an authorised manual correction"
"fund_transfer","FT2601-0024","a27891c0-ede4-42e6-98be-c40ba3e1baa7","2026-01-13","500.00","IDR","","BCA Bank · 0930 2010 22 · USD -> BCA Bank · 0930 2010 14 · IDR","JE2601-0032","journal functional debit/credit, journal currency metadata","Legacy USD-source Contra stored the USD source amount in functional GL columns; posted values were not rewritten","Legacy USD-source Contra stored the USD source amount in functional GL columns; posted values were not rewritten","Accountant approval of the historical USD-to-IDR rate and a controlled correcting/reversal entry","Historical accounting decision required","false","Keep — deletion/recreation could remove audit evidence or rewrite posted history; resolve through an authorised manual correction"
"journal","JE2607-0050","0501c421-4ece-4329-8ba0-48f5439caa64","2026-03-04","2000.00","USD","","","JE2607-0050","exchange_rate, functional debit/credit values","USD transaction currency is proven, but no authoritative historical rate is stored; posted amounts were preserved","USD transaction currency is proven, but no authoritative historical rate is stored; posted amounts were preserved","Authoritative USD-to-IDR rate and rate source/date; accountant approval before functional values are corrected","Historical accounting decision required","false","Keep — deletion/recreation could remove audit evidence or rewrite posted history; resolve through an authorised manual correction"
"journal","JE2607-0049","9b5a6d14-1a5b-49fe-a7ad-42f924d0dd1a","2026-06-11","4200.00","USD","","","JE2607-0049","exchange_rate, functional debit/credit values","USD transaction currency is proven, but no authoritative historical rate is stored; posted amounts were preserved","USD transaction currency is proven, but no authoritative historical rate is stored; posted amounts were preserved","Authoritative USD-to-IDR rate and rate source/date; accountant approval before functional values are corrected","Historical accounting decision required","false","Keep — deletion/recreation could remove audit evidence or rewrite posted history; resolve through an authorised manual correction"
"tax_payment","Tax Payment 2026-02-13","a33e6340-acdc-4d7e-b600-d03f5a843125","2026-02-13","120000.00","IDR","","BCA Bank · 0930 2010 14 · IDR","JE2607-0033","tax_control_account_balance, accrual_journal","Tax payment debits control account 2131 without an accrued payable; cumulative posted balance becomes -120000.00","Tax payment debits control account 2131 without an accrued payable; cumulative posted balance becomes -120000.00","Identify and post the authorised original tax accrual, or formally reclassify the payment after review with the accountant/tax consultant; do not alter the payment amount or bank journal","Historical accounting decision required","false","Keep — deletion/recreation could remove audit evidence or rewrite posted history; resolve through an authorised manual correction"
"tax_payment","C711FOTJKOPCKIPL","c62f9f5a-8d2a-4f43-9f84-291b585bebd1","2026-04-19","120000.00","IDR","","BCA Bank · 0930 2010 14 · IDR","JE2607-0032","tax_control_account_balance, accrual_journal","Tax payment debits control account 2131 without an accrued payable; cumulative posted balance becomes -240000.00","Tax payment debits control account 2131 without an accrued payable; cumulative posted balance becomes -240000.00","Identify and post the authorised original tax accrual, or formally reclassify the payment after review with the accountant/tax consultant; do not alter the payment amount or bank journal","Historical accounting decision required","false","Keep — deletion/recreation could remove audit evidence or rewrite posted history; resolve through an authorised manual correction"
"tax_payment","042095676073042","cc84b3d9-7b5d-42d2-87e3-22fb1a6cb2b6","2026-05-19","120000.00","IDR","","BCA Bank · 0930 2010 14 · IDR","JE2607-0031","tax_control_account_balance, accrual_journal","Tax payment debits control account 2131 without an accrued payable; cumulative posted balance becomes -360000.00","Tax payment debits control account 2131 without an accrued payable; cumulative posted balance becomes -360000.00","Identify and post the authorised original tax accrual, or formally reclassify the payment after review with the accountant/tax consultant; do not alter the payment amount or bank journal","Historical accounting decision required","false","Keep — deletion/recreation could remove audit evidence or rewrite posted history; resolve through an authorised manual correction"
"tax_payment","623874F9PCDNUD0H","e55d5ec5-d0d1-4742-8928-d02097d11b5b","2026-06-19","120000.00","IDR","","BCA Bank · 0930 2010 14 · IDR","JE2607-0030","tax_control_account_balance, accrual_journal","Tax payment debits control account 2131 without an accrued payable; cumulative posted balance becomes -480000.00","Tax payment debits control account 2131 without an accrued payable; cumulative posted balance becomes -480000.00","Identify and post the authorised original tax accrual, or formally reclassify the payment after review with the accountant/tax consultant; do not alter the payment amount or bank journal","Historical accounting decision required","false","Keep — deletion/recreation could remove audit evidence or rewrite posted history; resolve through an authorised manual correction"
"bank_reconciliation","(none)","83fd6cd5-115b-4b71-925b-f555d9987a8a","2026-01-14","33404729.00","IDR","","BCA Bank · 0930 2010 14 · IDR","JE2601-0036","debit_amount, credit_amount, journal_entry_lines","Linked journal Bank Master GL amount or direction does not match the bank statement line","Linked journal Bank Master GL amount or direction does not match the bank statement line","Investigate the source document, journal, bank line, and audit trail before making any change","Investigate further","false","Keep — deletion/recreation could remove audit evidence or rewrite posted history; resolve through an authorised manual correction"
"bank_reconciliation","(none)","c4c4033b-f661-4574-8878-dc593ee4eb33","2026-02-20","3651500.00","IDR","","BCA Bank · 0930 2010 14 · IDR","JE2602-0127","debit_amount, credit_amount, journal_entry_lines","Linked journal Bank Master GL amount or direction does not match the bank statement line","Linked journal Bank Master GL amount or direction does not match the bank statement line","Investigate the source document, journal, bank line, and audit trail before making any change","Investigate further","false","Keep — deletion/recreation could remove audit evidence or rewrite posted history; resolve through an authorised manual correction"
"bank_reconciliation","(none)","910ff6f8-9bfd-42b4-ada6-b1690ea653f3","2026-05-29","6820000.00","IDR","","BCA Bank · 0930 2010 14 · IDR","JE2605-0057","debit_amount, credit_amount, journal_entry_lines","Linked journal Bank Master GL amount or direction does not match the bank statement line","Linked journal Bank Master GL amount or direction does not match the bank statement line","Investigate the source document, journal, bank line, and audit trail before making any change","Investigate further","false","Keep — deletion/recreation could remove audit evidence or rewrite posted history; resolve through an authorised manual correction"
"bank_reconciliation","(none)","e4616184-2803-4df5-8427-487c92dffaee","2026-06-10","604514000.00","IDR","","BCA Bank · 0930 2010 14 · IDR","JE2607-0043","debit_amount, credit_amount, journal_entry_lines","Linked journal Bank Master GL amount or direction does not match the bank statement line","Linked journal Bank Master GL amount or direction does not match the bank statement line","Investigate the source document, journal, bank line, and audit trail before making any change","Investigate further","false","Keep — deletion/recreation could remove audit evidence or rewrite posted history; resolve through an authorised manual correction"
"bank_reconciliation","(none)","bb66c12c-2fe4-4b30-88c6-2e64f834fa78","2026-06-22","731392025.00","IDR","","BCA Bank · 0930 2010 14 · IDR","JE2607-0035","debit_amount, credit_amount, journal_entry_lines","Linked journal Bank Master GL amount or direction does not match the bank statement line","Linked journal Bank Master GL amount or direction does not match the bank statement line","Investigate the source document, journal, bank line, and audit trail before making any change","Investigate further","false","Keep — deletion/recreation could remove audit evidence or rewrite posted history; resolve through an authorised manual correction"
"bank_reconciliation","(none)","5f4fca05-5c46-4dab-8ed7-b817f15fb285","2026-06-30","6820000.00","IDR","","BCA Bank · 0930 2010 14 · IDR","JE2606-0105","debit_amount, credit_amount, journal_entry_lines","Linked journal Bank Master GL amount or direction does not match the bank statement line","Linked journal Bank Master GL amount or direction does not match the bank statement line","Investigate the source document, journal, bank line, and audit trail before making any change","Investigate further","false","Keep — deletion/recreation could remove audit evidence or rewrite posted history; resolve through an authorised manual correction"
"bank_reconciliation","(none)","ea7784de-5251-44c1-9d8f-2896cd6269be","2026-06-30","8000000.00","IDR","","BCA Bank · 0930 2010 14 · IDR","JE2607-0021","debit_amount, credit_amount, journal_entry_lines","Linked journal Bank Master GL amount or direction does not match the bank statement line","Linked journal Bank Master GL amount or direction does not match the bank statement line","Investigate the source document, journal, bank line, and audit trail before making any change","Investigate further","false","Keep — deletion/recreation could remove audit evidence or rewrite posted history; resolve through an authorised manual correction"
"journal","JE2607-0048","0a87f87b-a604-4515-8a05-4585786e9f35","2025-02-21","3000000.00","IDR","","","JE2607-0048","source_module, reference_id","Legacy Bank Reconciliation loan journal has no native Loan source document","Legacy Bank Reconciliation loan journal has no native Loan source document","Investigate the source document, journal, bank line, and audit trail before making any change","Investigate further","false","Keep — deletion/recreation could remove audit evidence or rewrite posted history; resolve through an authorised manual correction"
"expense","EXP/25/005","c0d375ad-34ae-4f23-81d6-75eea343e2f2","2025-01-31","5.00","USD","","BCA Bank · 0930 2010 22 · USD","JV/24-25/007","exchange_rate","No unique authoritative relationship exists in stored data","No unique authoritative relationship exists in stored data","Transaction currency, historical exchange rate with source/date, exact payment method, and/or paying bank account","Manual edit required","false","Keep — deletion/recreation could remove audit evidence or rewrite posted history; resolve through an authorised manual correction"
"expense","EXP/25/015","f5e42acc-6ae1-4409-ad9a-a8ede1baa7f2","2025-02-28","5.00","USD","","BCA Bank · 0930 2010 22 · USD","JV/24-25/019","exchange_rate","No unique authoritative relationship exists in stored data","No unique authoritative relationship exists in stored data","Transaction currency, historical exchange rate with source/date, exact payment method, and/or paying bank account","Manual edit required","false","Keep — deletion/recreation could remove audit evidence or rewrite posted history; resolve through an authorised manual correction"
"expense","EXP/25/030","cd8aae87-0424-4c2d-b980-2a5b3b65b3ce","2025-03-31","5.00","USD","","BCA Bank · 0930 2010 22 · USD","JV/24-25/037","exchange_rate","No unique authoritative relationship exists in stored data","No unique authoritative relationship exists in stored data","Transaction currency, historical exchange rate with source/date, exact payment method, and/or paying bank account","Manual edit required","false","Keep — deletion/recreation could remove audit evidence or rewrite posted history; resolve through an authorised manual correction"
"expense","EXP/25/038","cf4f4035-0245-4f8f-b050-c90145035088","2025-04-30","5.00","USD","","BCA Bank · 0930 2010 22 · USD","JV/25-26/012","exchange_rate","No unique authoritative relationship exists in stored data","No unique authoritative relationship exists in stored data","Transaction currency, historical exchange rate with source/date, exact payment method, and/or paying bank account","Manual edit required","false","Keep — deletion/recreation could remove audit evidence or rewrite posted history; resolve through an authorised manual correction"
"expense","EXP/25/052","7a7f6690-c4e1-46ec-b655-bf744c29f220","2025-05-31","5.00","USD","","BCA Bank · 0930 2010 22 · USD","JV/25-26/029","exchange_rate","No unique authoritative relationship exists in stored data","No unique authoritative relationship exists in stored data","Transaction currency, historical exchange rate with source/date, exact payment method, and/or paying bank account","Manual edit required","false","Keep — deletion/recreation could remove audit evidence or rewrite posted history; resolve through an authorised manual correction"
"expense","EXP/25/054","e01d47e8-5dd8-4b16-b1d3-f35cbf4b2b86","2025-06-03","168000.00","IDR","","","JV/25-26/030","transaction_currency, functional_currency, currency_code, exchange_rate, bank_account_id","No unique authoritative relationship exists in stored data","No unique authoritative relationship exists in stored data","Transaction currency, historical exchange rate with source/date, exact payment method, and/or paying bank account","Manual edit required","false","Keep — deletion/recreation could remove audit evidence or rewrite posted history; resolve through an authorised manual correction"
"expense","EXP/25/057","b656e5b5-2c8f-44a9-97d1-ae9a3a71d653","2025-06-20","800000.00","IDR","","","JV/25-26/035","transaction_currency, functional_currency, currency_code, exchange_rate","No unique authoritative relationship exists in stored data","No unique authoritative relationship exists in stored data","Transaction currency, historical exchange rate with source/date, exact payment method, and/or paying bank account","Manual edit required","false","Keep — deletion/recreation could remove audit evidence or rewrite posted history; resolve through an authorised manual correction"
"expense","EXP/25/059","efaf13e3-4361-4a07-9e29-6025b0c00b57","2025-06-25","2000000.00","IDR","","","JV/25-26/039","transaction_currency, functional_currency, currency_code, exchange_rate","No unique authoritative relationship exists in stored data","No unique authoritative relationship exists in stored data","Transaction currency, historical exchange rate with source/date, exact payment method, and/or paying bank account","Manual edit required","false","Keep — deletion/recreation could remove audit evidence or rewrite posted history; resolve through an authorised manual correction"
"expense","EXP/25/060","4bddfbd1-2b6f-4cf0-823b-a9783d491394","2025-06-26","84000.00","IDR","","","JV/25-26/046","transaction_currency, functional_currency, currency_code, exchange_rate","No unique authoritative relationship exists in stored data","No unique authoritative relationship exists in stored data","Transaction currency, historical exchange rate with source/date, exact payment method, and/or paying bank account","Manual edit required","false","Keep — deletion/recreation could remove audit evidence or rewrite posted history; resolve through an authorised manual correction"
"expense","EXP/25/061","95383776-d1a3-46a3-8ec0-258696e055de","2025-06-26","175000.00","IDR","","","JV/25-26/043","transaction_currency, functional_currency, currency_code, exchange_rate","No unique authoritative relationship exists in stored data","No unique authoritative relationship exists in stored data","Transaction currency, historical exchange rate with source/date, exact payment method, and/or paying bank account","Manual edit required","false","Keep — deletion/recreation could remove audit evidence or rewrite posted history; resolve through an authorised manual correction"
"expense","EXP/25/062","335577ca-b6d5-4b12-ae12-274675fc5763","2025-06-29","823500.00","IDR","","","JV/25-26/048","transaction_currency, functional_currency, currency_code, exchange_rate","No unique authoritative relationship exists in stored data","No unique authoritative relationship exists in stored data","Transaction currency, historical exchange rate with source/date, exact payment method, and/or paying bank account","Manual edit required","false","Keep — deletion/recreation could remove audit evidence or rewrite posted history; resolve through an authorised manual correction"
"expense","EXP/25/064","c56ad383-5fd8-4744-a4ba-2cf52717eed4","2025-06-30","10000000.00","IDR","","","JV/25-26/056","transaction_currency, functional_currency, currency_code, exchange_rate","No unique authoritative relationship exists in stored data","No unique authoritative relationship exists in stored data","Transaction currency, historical exchange rate with source/date, exact payment method, and/or paying bank account","Manual edit required","false","Keep — deletion/recreation could remove audit evidence or rewrite posted history; resolve through an authorised manual correction"
"expense","EXP/25/066","4500ee23-cb49-4b60-b9ff-ee6f2bc7b6d8","2025-06-30","3500000.00","IDR","","","JV/25-26/062","transaction_currency, functional_currency, currency_code, exchange_rate","No unique authoritative relationship exists in stored data","No unique authoritative relationship exists in stored data","Transaction currency, historical exchange rate with source/date, exact payment method, and/or paying bank account","Manual edit required","false","Keep — deletion/recreation could remove audit evidence or rewrite posted history; resolve through an authorised manual correction"
"expense","EXP/25/067","121a32b2-0a3d-4a43-9dc2-f0062f851c3d","2025-06-30","7000000.00","IDR","","","JV/25-26/055","transaction_currency, functional_currency, currency_code, exchange_rate","No unique authoritative relationship exists in stored data","No unique authoritative relationship exists in stored data","Transaction currency, historical exchange rate with source/date, exact payment method, and/or paying bank account","Manual edit required","false","Keep — deletion/recreation could remove audit evidence or rewrite posted history; resolve through an authorised manual correction"
"expense","EXP/25/072","d2cfd0eb-ba5e-40e4-a665-b4ec1d54b594","2025-06-30","5.00","USD","","BCA Bank · 0930 2010 22 · USD","JV/25-26/053","exchange_rate","No unique authoritative relationship exists in stored data","No unique authoritative relationship exists in stored data","Transaction currency, historical exchange rate with source/date, exact payment method, and/or paying bank account","Manual edit required","false","Keep — deletion/recreation could remove audit evidence or rewrite posted history; resolve through an authorised manual correction"
"expense","EXP/25/073","a466ce1f-915b-4d08-a049-27dd4c792a8c","2025-07-15","8000000.00","IDR","","","JV/25-26/069","transaction_currency, functional_currency, currency_code, exchange_rate","No unique authoritative relationship exists in stored data","No unique authoritative relationship exists in stored data","Transaction currency, historical exchange rate with source/date, exact payment method, and/or paying bank account","Manual edit required","false","Keep — deletion/recreation could remove audit evidence or rewrite posted history; resolve through an authorised manual correction"
"expense","EXP/25/076","07fa0f10-5d04-4060-9140-0dc10abc815e","2025-07-20","823500.00","IDR","","","JV/25-26/073","transaction_currency, functional_currency, currency_code, exchange_rate","No unique authoritative relationship exists in stored data","No unique authoritative relationship exists in stored data","Transaction currency, historical exchange rate with source/date, exact payment method, and/or paying bank account","Manual edit required","false","Keep — deletion/recreation could remove audit evidence or rewrite posted history; resolve through an authorised manual correction"
"expense","EXP/25/077","f5e0c54d-e1c5-49d9-936b-99c25a3d0ed1","2025-07-31","5850000.00","IDR","","","JV/25-26/077","transaction_currency, functional_currency, currency_code, exchange_rate","No unique authoritative relationship exists in stored data","No unique authoritative relationship exists in stored data","Transaction currency, historical exchange rate with source/date, exact payment method, and/or paying bank account","Manual edit required","false","Keep — deletion/recreation could remove audit evidence or rewrite posted history; resolve through an authorised manual correction"
"expense","EXP/25/082","2f96d0f5-8742-420f-8a8a-eb66bd5de67c","2025-07-31","3500000.00","IDR","","","JV/25-26/085","transaction_currency, functional_currency, currency_code, exchange_rate","No unique authoritative relationship exists in stored data","No unique authoritative relationship exists in stored data","Transaction currency, historical exchange rate with source/date, exact payment method, and/or paying bank account","Manual edit required","false","Keep — deletion/recreation could remove audit evidence or rewrite posted history; resolve through an authorised manual correction"
"expense","EXP/25/086","0e07366e-5851-4074-9082-cac63674b79c","2025-07-31","5.00","USD","","BCA Bank · 0930 2010 22 · USD","JV/25-26/081","exchange_rate","No unique authoritative relationship exists in stored data","No unique authoritative relationship exists in stored data","Transaction currency, historical exchange rate with source/date, exact payment method, and/or paying bank account","Manual edit required","false","Keep — deletion/recreation could remove audit evidence or rewrite posted history; resolve through an authorised manual correction"
"expense","EXP/25/095","e574c71d-50a2-4923-a2d9-fd47fdfb80b3","2025-08-31","3500000.00","IDR","","","JV/25-26/109","transaction_currency, functional_currency, currency_code, exchange_rate","No unique authoritative relationship exists in stored data","No unique authoritative relationship exists in stored data","Transaction currency, historical exchange rate with source/date, exact payment method, and/or paying bank account","Manual edit required","false","Keep — deletion/recreation could remove audit evidence or rewrite posted history; resolve through an authorised manual correction"
"expense","EXP/25/100","909aa8de-96d4-4ce6-ae4c-dbff56999dbd","2025-08-31","7000000.00","IDR","","","JV/25-26/105","transaction_currency, functional_currency, currency_code, exchange_rate","No unique authoritative relationship exists in stored data","No unique authoritative relationship exists in stored data","Transaction currency, historical exchange rate with source/date, exact payment method, and/or paying bank account","Manual edit required","false","Keep — deletion/recreation could remove audit evidence or rewrite posted history; resolve through an authorised manual correction"
"expense","EXP/25/101","8af9045d-b801-4d1e-b1a2-255d7cd2cd75","2025-08-31","5.00","USD","","BCA Bank · 0930 2010 22 · USD","JV/25-26/104","exchange_rate","No unique authoritative relationship exists in stored data","No unique authoritative relationship exists in stored data","Transaction currency, historical exchange rate with source/date, exact payment method, and/or paying bank account","Manual edit required","false","Keep — deletion/recreation could remove audit evidence or rewrite posted history; resolve through an authorised manual correction"
"expense","EXP/25/103","2b25c792-fd17-4036-9aaa-4cf60db84350","2025-09-05","150000.00","IDR","","","JV/25-26/115","transaction_currency, functional_currency, currency_code, exchange_rate","No unique authoritative relationship exists in stored data","No unique authoritative relationship exists in stored data","Transaction currency, historical exchange rate with source/date, exact payment method, and/or paying bank account","Manual edit required","false","Keep — deletion/recreation could remove audit evidence or rewrite posted history; resolve through an authorised manual correction"
"expense","EXP/25/111","a157cf20-50da-4ebf-840b-21b918da4f7c","2025-09-15","776500.00","IDR","","","JV/25-26/130","transaction_currency, functional_currency, currency_code, exchange_rate","No unique authoritative relationship exists in stored data","No unique authoritative relationship exists in stored data","Transaction currency, historical exchange rate with source/date, exact payment method, and/or paying bank account","Manual edit required","false","Keep — deletion/recreation could remove audit evidence or rewrite posted history; resolve through an authorised manual correction"
"expense","EXP/25/113","b4211893-e080-4115-8424-0e8a3b9b4e94","2025-09-15","8000000.00","IDR","","","JV/25-26/128","transaction_currency, functional_currency, currency_code, exchange_rate","No unique authoritative relationship exists in stored data","No unique authoritative relationship exists in stored data","Transaction currency, historical exchange rate with source/date, exact payment method, and/or paying bank account","Manual edit required","false","Keep — deletion/recreation could remove audit evidence or rewrite posted history; resolve through an authorised manual correction"
"expense","EXP/25/118","61955ea6-6ec9-4293-a47d-a0a564c54178","2025-09-18","900000.00","IDR","","","JV/25-26/138","transaction_currency, functional_currency, currency_code, exchange_rate","No unique authoritative relationship exists in stored data","No unique authoritative relationship exists in stored data","Transaction currency, historical exchange rate with source/date, exact payment method, and/or paying bank account","Manual edit required","false","Keep — deletion/recreation could remove audit evidence or rewrite posted history; resolve through an authorised manual correction"
"expense","EXP/25-25/001","f41dc50f-cf32-4ab6-916f-212d35ff3fbb","2025-09-30","5.00","USD","","BCA Bank · 0930 2010 22 · USD","JE2509-0026","exchange_rate","No unique authoritative relationship exists in stored data","No unique authoritative relationship exists in stored data","Transaction currency, historical exchange rate with source/date, exact payment method, and/or paying bank account","Manual edit required","false","Keep — deletion/recreation could remove audit evidence or rewrite posted history; resolve through an authorised manual correction"
"expense","EXP/25/121","fea9ddb7-4021-4c6e-bc54-7cffadd5353b","2025-09-30","7000000.00","IDR","","","JE2509-0019","transaction_currency, functional_currency, currency_code, exchange_rate","No unique authoritative relationship exists in stored data","No unique authoritative relationship exists in stored data","Transaction currency, historical exchange rate with source/date, exact payment method, and/or paying bank account","Manual edit required","false","Keep — deletion/recreation could remove audit evidence or rewrite posted history; resolve through an authorised manual correction"
"expense","EXP/25/127","a483d602-af68-49af-bc16-df4bbf834a72","2025-09-30","5.00","USD","","BCA Bank · 0930 2010 22 · USD","JE2509-0025","exchange_rate","No unique authoritative relationship exists in stored data","No unique authoritative relationship exists in stored data","Transaction currency, historical exchange rate with source/date, exact payment method, and/or paying bank account","Manual edit required","false","Keep — deletion/recreation could remove audit evidence or rewrite posted history; resolve through an authorised manual correction"
"expense","EXP/25/133","f1ca1b95-9c6a-4ace-8ddb-843b101253fd","2025-10-09","1000000.00","IDR","","","JE2510-0006","transaction_currency, functional_currency, currency_code, exchange_rate","No unique authoritative relationship exists in stored data","No unique authoritative relationship exists in stored data","Transaction currency, historical exchange rate with source/date, exact payment method, and/or paying bank account","Manual edit required","false","Keep — deletion/recreation could remove audit evidence or rewrite posted history; resolve through an authorised manual correction"
"expense","EXP/25/139","788b6c52-a5dd-45d5-a5cb-fa923736879f","2025-10-13","275000.00","IDR","","","JE2510-0013","transaction_currency, functional_currency, currency_code, exchange_rate","No unique authoritative relationship exists in stored data","No unique authoritative relationship exists in stored data","Transaction currency, historical exchange rate with source/date, exact payment method, and/or paying bank account","Manual edit required","false","Keep — deletion/recreation could remove audit evidence or rewrite posted history; resolve through an authorised manual correction"
"expense","EXP/25/143","7645f2c9-9c8a-4a06-9231-9e7e98923297","2025-10-15","8000000.00","IDR","","","JE2510-0017","transaction_currency, functional_currency, currency_code, exchange_rate, bank_account_id","No unique authoritative relationship exists in stored data","No unique authoritative relationship exists in stored data","Transaction currency, historical exchange rate with source/date, exact payment method, and/or paying bank account","Manual edit required","false","Keep — deletion/recreation could remove audit evidence or rewrite posted history; resolve through an authorised manual correction"
"expense","EXP/25/168","cc930d8e-e06d-46a0-b784-c169c8359edc","2025-10-29","105500.00","IDR","","","JE2510-0041","transaction_currency, functional_currency, currency_code, exchange_rate","No unique authoritative relationship exists in stored data","No unique authoritative relationship exists in stored data","Transaction currency, historical exchange rate with source/date, exact payment method, and/or paying bank account","Manual edit required","false","Keep — deletion/recreation could remove audit evidence or rewrite posted history; resolve through an authorised manual correction"
"expense","EXP/25-25/002","bbb3b5df-fdea-42f7-9e44-081c63238750","2025-10-31","5.00","USD","","BCA Bank · 0930 2010 22 · USD","JE2510-0060","exchange_rate","No unique authoritative relationship exists in stored data","No unique authoritative relationship exists in stored data","Transaction currency, historical exchange rate with source/date, exact payment method, and/or paying bank account","Manual edit required","false","Keep — deletion/recreation could remove audit evidence or rewrite posted history; resolve through an authorised manual correction"
"expense","EXP/25/175","1c9fbae6-039d-4ce7-899c-d15e1a613eea","2025-10-31","7000000.00","IDR","","","JE2510-0048","transaction_currency, functional_currency, currency_code, exchange_rate, bank_account_id","No unique authoritative relationship exists in stored data","No unique authoritative relationship exists in stored data","Transaction currency, historical exchange rate with source/date, exact payment method, and/or paying bank account","Manual edit required","false","Keep — deletion/recreation could remove audit evidence or rewrite posted history; resolve through an authorised manual correction"
"expense","EXP/25/182","973b749e-e8cc-41f9-9d7e-15a261823ab5","2025-10-31","5.00","USD","","BCA Bank · 0930 2010 22 · USD","JE2510-0055","exchange_rate","No unique authoritative relationship exists in stored data","No unique authoritative relationship exists in stored data","Transaction currency, historical exchange rate with source/date, exact payment method, and/or paying bank account","Manual edit required","false","Keep — deletion/recreation could remove audit evidence or rewrite posted history; resolve through an authorised manual correction"
"expense","EXP/25/207","71cee1ce-621b-427b-9a42-6a0a82aff6b0","2025-11-10","18102628.00","IDR","","","JE2511-0071","transaction_currency, functional_currency, currency_code, exchange_rate","No unique authoritative relationship exists in stored data","No unique authoritative relationship exists in stored data","Transaction currency, historical exchange rate with source/date, exact payment method, and/or paying bank account","Manual edit required","false","Keep — deletion/recreation could remove audit evidence or rewrite posted history; resolve through an authorised manual correction"
"expense","EXP/25/208","137388a3-acd5-490f-98c0-a8f16a765f2d","2025-11-10","4541288.00","IDR","","","JE2511-0070","transaction_currency, functional_currency, currency_code, exchange_rate","No unique authoritative relationship exists in stored data","No unique authoritative relationship exists in stored data","Transaction currency, historical exchange rate with source/date, exact payment method, and/or paying bank account","Manual edit required","false","Keep — deletion/recreation could remove audit evidence or rewrite posted history; resolve through an authorised manual correction"
"expense","EXP/25-25/003","f316339e-30f3-48c7-b034-e6fd4d982644","2025-11-30","5.00","USD","","BCA Bank · 0930 2010 22 · USD","JE2511-0075","exchange_rate","No unique authoritative relationship exists in stored data","No unique authoritative relationship exists in stored data","Transaction currency, historical exchange rate with source/date, exact payment method, and/or paying bank account","Manual edit required","false","Keep — deletion/recreation could remove audit evidence or rewrite posted history; resolve through an authorised manual correction"
"expense","EXP/25/251","dbca504c-9148-4a65-aa9d-de0fc6722e77","2025-11-30","4500000.00","IDR","","BCA Bank · 0930 2010 22 · USD","JE2511-0067","bank_account_id","Stored expense metadata conflicts with its unique reconciliation bank line; neither side was overwritten","Stored expense metadata conflicts with its unique reconciliation bank line; neither side was overwritten","Accountant confirmation of the correct bank account and transaction currency","Manual edit required","false","Keep — deletion/recreation could remove audit evidence or rewrite posted history; resolve through an authorised manual correction"
"expense","EXP/25/253","69ea5d02-4801-484e-ac23-691d1024167d","2025-11-30","5.00","USD","","BCA Bank · 0930 2010 22 · USD","JE2511-0069","exchange_rate","No unique authoritative relationship exists in stored data","No unique authoritative relationship exists in stored data","Transaction currency, historical exchange rate with source/date, exact payment method, and/or paying bank account","Manual edit required","false","Keep — deletion/recreation could remove audit evidence or rewrite posted history; resolve through an authorised manual correction"
"expense","EXP/25/261","deb356d6-371e-4570-a9bc-d8922cc2872d","2025-12-02","100000.00","IDR","","","JE2512-0077","transaction_currency, functional_currency, currency_code, exchange_rate","No unique authoritative relationship exists in stored data","No unique authoritative relationship exists in stored data","Transaction currency, historical exchange rate with source/date, exact payment method, and/or paying bank account","Manual edit required","false","Keep — deletion/recreation could remove audit evidence or rewrite posted history; resolve through an authorised manual correction"
"expense","EXP/25/265","46227a23-7c11-425d-84f2-9464effbbc80","2025-12-03","174000.00","IDR","","","JE2512-0081","transaction_currency, functional_currency, currency_code, exchange_rate","No unique authoritative relationship exists in stored data","No unique authoritative relationship exists in stored data","Transaction currency, historical exchange rate with source/date, exact payment method, and/or paying bank account","Manual edit required","false","Keep — deletion/recreation could remove audit evidence or rewrite posted history; resolve through an authorised manual correction"
"expense","EXP/25/277","f1ec8ee0-3e20-495f-b62a-baed76fd57a7","2025-12-15","8000000.00","IDR","","","JE2512-0093","transaction_currency, functional_currency, currency_code, exchange_rate, bank_account_id","No unique authoritative relationship exists in stored data","No unique authoritative relationship exists in stored data","Transaction currency, historical exchange rate with source/date, exact payment method, and/or paying bank account","Manual edit required","false","Keep — deletion/recreation could remove audit evidence or rewrite posted history; resolve through an authorised manual correction"
"expense","EXP/25/279","ff340981-579e-4041-9089-3e22dcad5044","2025-12-15","300000.00","IDR","","","JE2512-0095","transaction_currency, functional_currency, currency_code, exchange_rate","No unique authoritative relationship exists in stored data","No unique authoritative relationship exists in stored data","Transaction currency, historical exchange rate with source/date, exact payment method, and/or paying bank account","Manual edit required","false","Keep — deletion/recreation could remove audit evidence or rewrite posted history; resolve through an authorised manual correction"
"expense","EXP/25/282","01f9139f-4071-4a3c-9694-3a153953f547","2025-12-16","50000.00","IDR","","","JE2512-0098","transaction_currency, functional_currency, currency_code, exchange_rate","No unique authoritative relationship exists in stored data","No unique authoritative relationship exists in stored data","Transaction currency, historical exchange rate with source/date, exact payment method, and/or paying bank account","Manual edit required","false","Keep — deletion/recreation could remove audit evidence or rewrite posted history; resolve through an authorised manual correction"
"expense","EXP/25/291","2c6f954f-d3d9-466d-b8f1-b5a93f138e3f","2025-12-19","1.00","USD","","BCA Bank · 0930 2010 22 · USD","JE2512-0107","exchange_rate","No unique authoritative relationship exists in stored data","No unique authoritative relationship exists in stored data","Transaction currency, historical exchange rate with source/date, exact payment method, and/or paying bank account","Manual edit required","false","Keep — deletion/recreation could remove audit evidence or rewrite posted history; resolve through an authorised manual correction"
"expense","EXP/25/298","7a38e98c-b063-42e8-905f-d2b777c7e2ad","2025-12-24","100000.00","IDR","","","JE2512-0114","transaction_currency, functional_currency, currency_code, exchange_rate","No unique authoritative relationship exists in stored data","No unique authoritative relationship exists in stored data","Transaction currency, historical exchange rate with source/date, exact payment method, and/or paying bank account","Manual edit required","false","Keep — deletion/recreation could remove audit evidence or rewrite posted history; resolve through an authorised manual correction"
"expense","EXP/25/312","eea9d9ae-35cf-4fbc-810e-265ade6c9b30","2025-12-31","5.00","USD","","BCA Bank · 0930 2010 22 · USD","JE2512-0137","exchange_rate","No unique authoritative relationship exists in stored data","No unique authoritative relationship exists in stored data","Transaction currency, historical exchange rate with source/date, exact payment method, and/or paying bank account","Manual edit required","false","Keep — deletion/recreation could remove audit evidence or rewrite posted history; resolve through an authorised manual correction"
"expense","EXP/26-26/076","9a03be92-2800-430a-92c4-5b61663ce7a7","2026-01-31","5.00","USD","","BCA Bank · 0930 2010 22 · USD","JE2601-0166","exchange_rate","No unique authoritative relationship exists in stored data","No unique authoritative relationship exists in stored data","Transaction currency, historical exchange rate with source/date, exact payment method, and/or paying bank account","Manual edit required","false","Keep — deletion/recreation could remove audit evidence or rewrite posted history; resolve through an authorised manual correction"
"expense","EXP/26-26/077","4d44a9cf-996b-44cd-9c20-24954bfadeeb","2026-01-31","5.00","USD","","BCA Bank · 0930 2010 22 · USD","JE2601-0167","exchange_rate","No unique authoritative relationship exists in stored data","No unique authoritative relationship exists in stored data","Transaction currency, historical exchange rate with source/date, exact payment method, and/or paying bank account","Manual edit required","false","Keep — deletion/recreation could remove audit evidence or rewrite posted history; resolve through an authorised manual correction"
"expense","EXP/26-26/088","0c150e44-541d-4897-b3ca-4016ef7bef77","2026-02-10","12165503.00","IDR","","","JE2602-0163","transaction_currency, functional_currency, currency_code, exchange_rate","No unique authoritative relationship exists in stored data","No unique authoritative relationship exists in stored data","Transaction currency, historical exchange rate with source/date, exact payment method, and/or paying bank account","Manual edit required","false","Keep — deletion/recreation could remove audit evidence or rewrite posted history; resolve through an authorised manual correction"
"expense","EXP/26-26/089","e62f6352-a2a1-4650-bba5-2b8dd37087d0","2026-02-10","300000.00","IDR","","","JE2602-0162","transaction_currency, functional_currency, currency_code, exchange_rate","No unique authoritative relationship exists in stored data","No unique authoritative relationship exists in stored data","Transaction currency, historical exchange rate with source/date, exact payment method, and/or paying bank account","Manual edit required","false","Keep — deletion/recreation could remove audit evidence or rewrite posted history; resolve through an authorised manual correction"
"expense","EXP/26/074","8e490164-027c-4710-bb7c-2d0a5d98b60f","2026-02-11","500000.00","IDR","","","JE2602-0111","transaction_currency, functional_currency, currency_code, exchange_rate","No unique authoritative relationship exists in stored data","No unique authoritative relationship exists in stored data","Transaction currency, historical exchange rate with source/date, exact payment method, and/or paying bank account","Manual edit required","false","Keep — deletion/recreation could remove audit evidence or rewrite posted history; resolve through an authorised manual correction"
"expense","EXP/26/075","c69b61ac-6608-4547-81a9-60016cdbf2ba","2026-02-11","2721317.00","IDR","","BCA Bank · 0930 2010 14 · IDR","JE2602-0110","transaction_currency, functional_currency, currency_code, exchange_rate","No unique authoritative relationship exists in stored data","No unique authoritative relationship exists in stored data","Transaction currency, historical exchange rate with source/date, exact payment method, and/or paying bank account","Manual edit required","false","Keep — deletion/recreation could remove audit evidence or rewrite posted history; resolve through an authorised manual correction"
"expense","EXP/26/076","f709b80d-a695-4f89-afc8-4ab68c7b43fa","2026-02-11","3050280.00","IDR","","BCA Bank · 0930 2010 14 · IDR","JE2602-0109","transaction_currency, functional_currency, currency_code, exchange_rate","No unique authoritative relationship exists in stored data","No unique authoritative relationship exists in stored data","Transaction currency, historical exchange rate with source/date, exact payment method, and/or paying bank account","Manual edit required","false","Keep — deletion/recreation could remove audit evidence or rewrite posted history; resolve through an authorised manual correction"
"expense","EXP/26-26/078","cccd874b-63f1-4e4b-9c0a-ce1b3c7456c8","2026-02-28","5.00","USD","","BCA Bank · 0930 2010 22 · USD","JE2602-0166","exchange_rate","No unique authoritative relationship exists in stored data","No unique authoritative relationship exists in stored data","Transaction currency, historical exchange rate with source/date, exact payment method, and/or paying bank account","Manual edit required","false","Keep — deletion/recreation could remove audit evidence or rewrite posted history; resolve through an authorised manual correction"
"expense","EXP/26-26/079","982d2921-ddbc-4cc0-aad5-aca13e0e054f","2026-02-28","5.00","USD","","BCA Bank · 0930 2010 22 · USD","JE2602-0167","exchange_rate","No unique authoritative relationship exists in stored data","No unique authoritative relationship exists in stored data","Transaction currency, historical exchange rate with source/date, exact payment method, and/or paying bank account","Manual edit required","false","Keep — deletion/recreation could remove audit evidence or rewrite posted history; resolve through an authorised manual correction"
"expense","EXP/26-26/080","ab15aac9-6a0f-4f5c-afce-a1226ccace55","2026-03-31","5.00","USD","","BCA Bank · 0930 2010 22 · USD","JE2603-0056","exchange_rate","No unique authoritative relationship exists in stored data","No unique authoritative relationship exists in stored data","Transaction currency, historical exchange rate with source/date, exact payment method, and/or paying bank account","Manual edit required","false","Keep — deletion/recreation could remove audit evidence or rewrite posted history; resolve through an authorised manual correction"
"expense","EXP/26-26/090","24a8c440-388a-4620-85d1-1b50e3853b92","2026-04-14","12000000.00","IDR","","","JE2604-0040","transaction_currency, functional_currency, currency_code, exchange_rate","No unique authoritative relationship exists in stored data","No unique authoritative relationship exists in stored data","Transaction currency, historical exchange rate with source/date, exact payment method, and/or paying bank account","Manual edit required","false","Keep — deletion/recreation could remove audit evidence or rewrite posted history; resolve through an authorised manual correction"
"expense","EXP/26-26/091","9ff4b222-310c-473a-bb5b-f17296e1c4f3","2026-04-14","1342000.00","IDR","","","JE2604-0041","transaction_currency, functional_currency, currency_code, exchange_rate","No unique authoritative relationship exists in stored data","No unique authoritative relationship exists in stored data","Transaction currency, historical exchange rate with source/date, exact payment method, and/or paying bank account","Manual edit required","false","Keep — deletion/recreation could remove audit evidence or rewrite posted history; resolve through an authorised manual correction"
"expense","EXP/26-26/081","237dfc77-6b48-4484-bccb-8dff78fbfd7b","2026-04-30","5.00","USD","","BCA Bank · 0930 2010 22 · USD","JE2604-0064","exchange_rate","No unique authoritative relationship exists in stored data","No unique authoritative relationship exists in stored data","Transaction currency, historical exchange rate with source/date, exact payment method, and/or paying bank account","Manual edit required","false","Keep — deletion/recreation could remove audit evidence or rewrite posted history; resolve through an authorised manual correction"
"expense","EXP/26-26/082","7a2210d0-3c64-4801-a984-9cf4fb85147c","2026-05-31","5.00","USD","","BCA Bank · 0930 2010 22 · USD","JE2605-0038","exchange_rate","No unique authoritative relationship exists in stored data","No unique authoritative relationship exists in stored data","Transaction currency, historical exchange rate with source/date, exact payment method, and/or paying bank account","Manual edit required","false","Keep — deletion/recreation could remove audit evidence or rewrite posted history; resolve through an authorised manual correction"
"expense","EXP/26-26/086","aec5772f-9ff9-4de9-bfa5-3d5ba9a6faff","2026-05-31","500000.00","IDR","","BCA Bank · 0930 2010 14 · IDR","JE2605-0046","transaction_currency, functional_currency, currency_code, exchange_rate","No unique authoritative relationship exists in stored data","No unique authoritative relationship exists in stored data","Transaction currency, historical exchange rate with source/date, exact payment method, and/or paying bank account","Manual edit required","false","Keep — deletion/recreation could remove audit evidence or rewrite posted history; resolve through an authorised manual correction"
"expense","EXP/26-26/083","b6b7b188-e828-4865-9bae-5156dc7c09aa","2026-06-01","5.00","USD","","BCA Bank · 0930 2010 22 · USD","JE2606-0074","exchange_rate","No unique authoritative relationship exists in stored data","No unique authoritative relationship exists in stored data","Transaction currency, historical exchange rate with source/date, exact payment method, and/or paying bank account","Manual edit required","false","Keep — deletion/recreation could remove audit evidence or rewrite posted history; resolve through an authorised manual correction"
"expense","EXP/26-26/087","c5c17015-dbec-4b42-8cdf-9c20ef752a9b","2026-07-02","1835000.00","IDR","","BCA Bank · 0930 2010 14 · IDR","JE2607-0025","transaction_currency, functional_currency, currency_code, exchange_rate","No unique authoritative relationship exists in stored data","No unique authoritative relationship exists in stored data","Transaction currency, historical exchange rate with source/date, exact payment method, and/or paying bank account","Manual edit required","false","Keep — deletion/recreation could remove audit evidence or rewrite posted history; resolve through an authorised manual correction"
"payment","PV/25-26/003","9765b333-5b3b-484a-b82d-d495044c5a02","2025-12-22","40000.00","USD","Anzen Exports Private Limited","BCA Bank · 0930 2010 22 · USD","JE2603-0035","payment_currency","Stored payment metadata conflicts with its unique reconciliation bank line; neither side was overwritten","Stored payment metadata conflicts with its unique reconciliation bank line; neither side was overwritten","Accountant confirmation of the correct paying bank and payment currency","Manual edit required","false","Keep — deletion/recreation could remove audit evidence or rewrite posted history; resolve through an authorised manual correction"
"payment","PV/25-26/004","d46f8535-ae8d-411c-b906-a395ac2c8804","2026-03-30","21000.00","IDR","Anzen Exports Private Limited","BCA Bank · 0930 2010 14 · IDR","JE2603-0033","transaction_currency, functional_currency, currency_code","No unique authoritative relationship exists in stored payment data","No unique authoritative relationship exists in stored payment data","Transaction currency, historical rate with source/date, exact payment method, and/or paying bank account","Manual edit required","false","Keep — deletion/recreation could remove audit evidence or rewrite posted history; resolve through an authorised manual correction"
"payment","PV/26-27/001","e60c450c-cf32-4670-aeae-f7c559d43355","2026-04-21","9548.50","IDR","Anzen Exports Private Limited","BCA Bank · 0930 2010 14 · IDR","JE2604-0033","transaction_currency, functional_currency, currency_code","No unique authoritative relationship exists in stored payment data","No unique authoritative relationship exists in stored payment data","Transaction currency, historical rate with source/date, exact payment method, and/or paying bank account","Manual edit required","false","Keep — deletion/recreation could remove audit evidence or rewrite posted history; resolve through an authorised manual correction"
"receipt","RV2606-0009","ed1e4b66-d4b4-454d-9bc7-149b1195da46","2026-06-16","26.25","IDR","PT. Rania Kalani Indonesia","","JE2606-0045","transaction_currency, functional_currency, currency_code, exchange_rate","No unique authoritative relationship exists in stored receipt data","No unique authoritative relationship exists in stored receipt data","Transaction currency, historical rate with source/date, exact payment method, and/or receiving bank account","Manual edit required","false","Keep — deletion/recreation could remove audit evidence or rewrite posted history; resolve through an authorised manual correction"
"receipt","RV2607-0003","548a3ac2-86af-4ff0-b63c-4523aa0570c5","2026-07-17","20057700.00","IDR","PT. Arto Pharma Indonesia","BCA Bank · 0930 2010 14 · IDR","JE2607-0039","transaction_currency, functional_currency, currency_code, exchange_rate","No unique authoritative relationship exists in stored receipt data","No unique authoritative relationship exists in stored receipt data","Transaction currency, historical rate with source/date, exact payment method, and/or receiving bank account","Manual edit required","false","Keep — deletion/recreation could remove audit evidence or rewrite posted history; resolve through an authorised manual correction"
"receipt","RV2607-0004","9b62fcc8-b788-47f8-bb7a-e5ed004bed31","2026-07-20","485913600.00","IDR","PT. Lapi Laboratories ","BCA Bank · 0930 2010 14 · IDR","JE2607-0038","transaction_currency, functional_currency, currency_code, exchange_rate","No unique authoritative relationship exists in stored receipt data","No unique authoritative relationship exists in stored receipt data","Transaction currency, historical rate with source/date, exact payment method, and/or receiving bank account","Manual edit required","false","Keep — deletion/recreation could remove audit evidence or rewrite posted history; resolve through an authorised manual correction"
"receipt","RV2607-0007","543f4931-9823-4716-ba7d-a89b8beb4573","2026-07-23","26004500.00","IDR","PT. Rania Kalani Indonesia","BCA Bank · 0930 2010 14 · IDR","JE2607-0037","transaction_currency, functional_currency, currency_code, exchange_rate","No unique authoritative relationship exists in stored receipt data","No unique authoritative relationship exists in stored receipt data","Transaction currency, historical rate with source/date, exact payment method, and/or receiving bank account","Manual edit required","false","Keep — deletion/recreation could remove audit evidence or rewrite posted history; resolve through an authorised manual correction"
"sales_invoice","SAPJ-005","5d602dbd-0b0d-4c73-ad43-2fc979903032","2025-11-29","346226760.00","IDR","PT. Anugrah Visi Bersama ","","JE2601-0001","faktur_pajak_number","Taxed sales invoice assigned to a tax period is missing Faktur Pajak number","Taxed sales invoice assigned to a tax period is missing Faktur Pajak number","Enter the official Faktur Pajak number from the issued tax invoice; do not alter the sales amount, tax amount or posted journal","Manual edit required","false","Keep — deletion/recreation could remove audit evidence or rewrite posted history; resolve through an authorised manual correction"
"sales_invoice","SAPJ-001","026cf3ec-62ef-4e59-866a-0f362072830b","2025-12-02","23578620.00","IDR","PT. SANBE FARMA","","JE2512-0064","faktur_pajak_number","Taxed sales invoice assigned to a tax period is missing Faktur Pajak number","Taxed sales invoice assigned to a tax period is missing Faktur Pajak number","Enter the official Faktur Pajak number from the issued tax invoice; do not alter the sales amount, tax amount or posted journal","Manual edit required","false","Keep — deletion/recreation could remove audit evidence or rewrite posted history; resolve through an authorised manual correction"
"sales_invoice","SAPJ-002","10d6aa18-82bb-4cb5-825b-7e29629aa148","2025-12-02","33404728.50","IDR","PT. SANBE FARMA","","JE2512-0062","faktur_pajak_number","Taxed sales invoice assigned to a tax period is missing Faktur Pajak number","Taxed sales invoice assigned to a tax period is missing Faktur Pajak number","Enter the official Faktur Pajak number from the issued tax invoice; do not alter the sales amount, tax amount or posted journal","Manual edit required","false","Keep — deletion/recreation could remove audit evidence or rewrite posted history; resolve through an authorised manual correction"
"sales_invoice","SAPJ-003","4c9ffb98-1e47-4377-8eb6-ec2abdddbb7b","2025-12-02","28130397.00","IDR","PT. SANBE FARMA","","JE2512-0066","faktur_pajak_number","Taxed sales invoice assigned to a tax period is missing Faktur Pajak number","Taxed sales invoice assigned to a tax period is missing Faktur Pajak number","Enter the official Faktur Pajak number from the issued tax invoice; do not alter the sales amount, tax amount or posted journal","Manual edit required","false","Keep — deletion/recreation could remove audit evidence or rewrite posted history; resolve through an authorised manual correction"
"sales_invoice","SAPJ-006","ba93fe46-6316-4029-bd2c-a22bcd190ec3","2025-12-02","3716946.00","IDR","PT. Arto Pharma Indonesia","","JE2512-0060","faktur_pajak_number","Taxed sales invoice assigned to a tax period is missing Faktur Pajak number","Taxed sales invoice assigned to a tax period is missing Faktur Pajak number","Enter the official Faktur Pajak number from the issued tax invoice; do not alter the sales amount, tax amount or posted journal","Manual edit required","false","Keep — deletion/recreation could remove audit evidence or rewrite posted history; resolve through an authorised manual correction"
"sales_invoice","SAPJ-009","fbb11a73-7935-469b-991b-32daf13dae4e","2025-12-15","77901021.00","IDR","PT. Anugrah Visi Bersama ","","JE2601-0002","faktur_pajak_number","Taxed sales invoice assigned to a tax period is missing Faktur Pajak number","Taxed sales invoice assigned to a tax period is missing Faktur Pajak number","Enter the official Faktur Pajak number from the issued tax invoice; do not alter the sales amount, tax amount or posted journal","Manual edit required","false","Keep — deletion/recreation could remove audit evidence or rewrite posted history; resolve through an authorised manual correction"
"sales_invoice","SAPJ-008","246f8684-a51c-4f09-a5e0-dac7aab39ae6","2025-12-16","40967325.00","IDR","PT Prima Cita Prasada","","JE2601-0003","faktur_pajak_number","Taxed sales invoice assigned to a tax period is missing Faktur Pajak number","Taxed sales invoice assigned to a tax period is missing Faktur Pajak number","Enter the official Faktur Pajak number from the issued tax invoice; do not alter the sales amount, tax amount or posted journal","Manual edit required","false","Keep — deletion/recreation could remove audit evidence or rewrite posted history; resolve through an authorised manual correction"
"sales_invoice","SAPJ-010","4030d13f-d41a-4201-8257-a93604641598","2025-12-24","151098750.00","IDR","PT. SANBE FARMA","","JE2512-0068","faktur_pajak_number","Taxed sales invoice assigned to a tax period is missing Faktur Pajak number","Taxed sales invoice assigned to a tax period is missing Faktur Pajak number","Enter the official Faktur Pajak number from the issued tax invoice; do not alter the sales amount, tax amount or posted journal","Manual edit required","false","Keep — deletion/recreation could remove audit evidence or rewrite posted history; resolve through an authorised manual correction"
"sales_invoice","SAPJ-011","df6059f9-365b-48eb-b3d6-273f4a8b297d","2025-12-24","4634250.00","IDR","PT. Novapharin","","JE2512-0069","faktur_pajak_number","Taxed sales invoice assigned to a tax period is missing Faktur Pajak number","Taxed sales invoice assigned to a tax period is missing Faktur Pajak number","Enter the official Faktur Pajak number from the issued tax invoice; do not alter the sales amount, tax amount or posted journal","Manual edit required","false","Keep — deletion/recreation could remove audit evidence or rewrite posted history; resolve through an authorised manual correction"
"sales_invoice","SAPJ-26-002","b2ac6308-bfa5-4a07-b534-b25b78b32155","2026-01-15","664614720.00","IDR","PT Unijaya Pratama ","","JE2601-0038","faktur_pajak_number","Taxed sales invoice assigned to a tax period is missing Faktur Pajak number","Taxed sales invoice assigned to a tax period is missing Faktur Pajak number","Enter the official Faktur Pajak number from the issued tax invoice; do not alter the sales amount, tax amount or posted journal","Manual edit required","false","Keep — deletion/recreation could remove audit evidence or rewrite posted history; resolve through an authorised manual correction"
"sales_invoice","SAPJ-26-003","0709e1a2-bc80-4b64-a93d-52776293f44a","2026-02-09","44130392.10","IDR","PT Prima Cita Prasada","","JE2602-0077","faktur_pajak_number","Taxed sales invoice assigned to a tax period is missing Faktur Pajak number","Taxed sales invoice assigned to a tax period is missing Faktur Pajak number","Enter the official Faktur Pajak number from the issued tax invoice; do not alter the sales amount, tax amount or posted journal","Manual edit required","false","Keep — deletion/recreation could remove audit evidence or rewrite posted history; resolve through an authorised manual correction"
"sales_invoice","SAPJ-26-004","300e00ac-8641-4893-8d35-93972eff04b2","2026-02-16","181880160.00","IDR","PT. Menjangan Sakti","","JE2602-0043","faktur_pajak_number","Taxed sales invoice assigned to a tax period is missing Faktur Pajak number","Taxed sales invoice assigned to a tax period is missing Faktur Pajak number","Enter the official Faktur Pajak number from the issued tax invoice; do not alter the sales amount, tax amount or posted journal","Manual edit required","false","Keep — deletion/recreation could remove audit evidence or rewrite posted history; resolve through an authorised manual correction"
"sales_invoice","SAPJ-26-005","182602a2-9e2f-45cf-a69c-d77d59f46054","2026-02-16","218867580.00","IDR","PT. SANBE FARMA","","JE2602-0047","faktur_pajak_number","Taxed sales invoice assigned to a tax period is missing Faktur Pajak number","Taxed sales invoice assigned to a tax period is missing Faktur Pajak number","Enter the official Faktur Pajak number from the issued tax invoice; do not alter the sales amount, tax amount or posted journal","Manual edit required","false","Keep — deletion/recreation could remove audit evidence or rewrite posted history; resolve through an authorised manual correction"
"sales_invoice","SAPJ-26-006","6ee5ec11-ee20-46ae-b24c-16a0ffe279e6","2026-02-26","29245991.40","IDR","PT Prima Cita Prasada","","JE2602-0136","faktur_pajak_number","Taxed sales invoice assigned to a tax period is missing Faktur Pajak number","Taxed sales invoice assigned to a tax period is missing Faktur Pajak number","Enter the official Faktur Pajak number from the issued tax invoice; do not alter the sales amount, tax amount or posted journal","Manual edit required","false","Keep — deletion/recreation could remove audit evidence or rewrite posted history; resolve through an authorised manual correction"
"sales_invoice","SAPJ-26-007","2cea1d8d-55b8-4126-9adb-fbae7d9a357b","2026-02-26","21525813.75","IDR","PT Prima Cita Prasada","","JE2602-0137","faktur_pajak_number","Taxed sales invoice assigned to a tax period is missing Faktur Pajak number","Taxed sales invoice assigned to a tax period is missing Faktur Pajak number","Enter the official Faktur Pajak number from the issued tax invoice; do not alter the sales amount, tax amount or posted journal","Manual edit required","false","Keep — deletion/recreation could remove audit evidence or rewrite posted history; resolve through an authorised manual correction"
"sales_invoice","SAPJ-26-008","5f4eda84-5070-475a-bac8-58552a9c6887","2026-03-10","4333141.69","IDR","PT Prima Cita Prasada","","JE2603-0010","faktur_pajak_number","Taxed sales invoice assigned to a tax period is missing Faktur Pajak number","Taxed sales invoice assigned to a tax period is missing Faktur Pajak number","Enter the official Faktur Pajak number from the issued tax invoice; do not alter the sales amount, tax amount or posted journal","Manual edit required","false","Keep — deletion/recreation could remove audit evidence or rewrite posted history; resolve through an authorised manual correction"
"sales_invoice","SAPJ-26-009","6ed2c595-d8b9-4826-83ec-176dd8052d60","2026-04-09","8655669.00","IDR","PT. Anugrah Visi Bersama ","","JE2604-0004","faktur_pajak_number","Taxed sales invoice assigned to a tax period is missing Faktur Pajak number","Taxed sales invoice assigned to a tax period is missing Faktur Pajak number","Enter the official Faktur Pajak number from the issued tax invoice; do not alter the sales amount, tax amount or posted journal","Manual edit required","false","Keep — deletion/recreation could remove audit evidence or rewrite posted history; resolve through an authorised manual correction"
"sales_invoice","SAPJ-26-010","f438f21c-6274-4ac3-b623-b40ee60b3a79","2026-04-10","626373000.00","IDR","PT Prima Cita Prasada","","JE2604-0009","faktur_pajak_number","Taxed sales invoice assigned to a tax period is missing Faktur Pajak number","Taxed sales invoice assigned to a tax period is missing Faktur Pajak number","Enter the official Faktur Pajak number from the issued tax invoice; do not alter the sales amount, tax amount or posted journal","Manual edit required","false","Keep — deletion/recreation could remove audit evidence or rewrite posted history; resolve through an authorised manual correction"
"sales_invoice","SAPJ-26-011","0752ad11-554b-4893-b5a6-d671ed60e900","2026-04-10","58841100.00","IDR","PT Prima Cita Prasada","","JE2604-0010","faktur_pajak_number","Taxed sales invoice assigned to a tax period is missing Faktur Pajak number","Taxed sales invoice assigned to a tax period is missing Faktur Pajak number","Enter the official Faktur Pajak number from the issued tax invoice; do not alter the sales amount, tax amount or posted journal","Manual edit required","false","Keep — deletion/recreation could remove audit evidence or rewrite posted history; resolve through an authorised manual correction"
"sales_invoice","SAPJ-26-012","032ed31b-b08e-4061-9801-1a6cb4f6e07b","2026-04-13","16758780.00","IDR","PT. Arto Pharma Indonesia","","JE2604-0020","faktur_pajak_number","Taxed sales invoice assigned to a tax period is missing Faktur Pajak number","Taxed sales invoice assigned to a tax period is missing Faktur Pajak number","Enter the official Faktur Pajak number from the issued tax invoice; do not alter the sales amount, tax amount or posted journal","Manual edit required","false","Keep — deletion/recreation could remove audit evidence or rewrite posted history; resolve through an authorised manual correction"
"sales_invoice","SAPJ-26-013","03162b99-b06b-475b-b00c-e14cb9dd6123","2026-04-13","153589590.00","IDR","PT Prima Cita Prasada","","JE2604-0023","faktur_pajak_number","Taxed sales invoice assigned to a tax period is missing Faktur Pajak number","Taxed sales invoice assigned to a tax period is missing Faktur Pajak number","Enter the official Faktur Pajak number from the issued tax invoice; do not alter the sales amount, tax amount or posted journal","Manual edit required","false","Keep — deletion/recreation could remove audit evidence or rewrite posted history; resolve through an authorised manual correction"
"sales_invoice","SAPJ-26-014","1c99831b-5364-4be9-99c4-59e266ec79ee","2026-04-14","44545410.00","IDR","PT Erlangga Edi Laboratories (ERELA)","","JE2604-0024","faktur_pajak_number","Taxed sales invoice assigned to a tax period is missing Faktur Pajak number","Taxed sales invoice assigned to a tax period is missing Faktur Pajak number","Enter the official Faktur Pajak number from the issued tax invoice; do not alter the sales amount, tax amount or posted journal","Manual edit required","false","Keep — deletion/recreation could remove audit evidence or rewrite posted history; resolve through an authorised manual correction"
"sales_invoice","SAPJ-26-015","4f6e7ee0-837f-4c42-9eb9-db2dd0d40bac","2026-04-22","1384170.00","IDR","PT. Denbo Higienis Laboratoris","","JE2604-0034","faktur_pajak_number","Taxed sales invoice assigned to a tax period is missing Faktur Pajak number","Taxed sales invoice assigned to a tax period is missing Faktur Pajak number","Enter the official Faktur Pajak number from the issued tax invoice; do not alter the sales amount, tax amount or posted journal","Manual edit required","false","Keep — deletion/recreation could remove audit evidence or rewrite posted history; resolve through an authorised manual correction"
"sales_invoice","SAPJ-26-016","fa9834dc-3a4d-47d9-953e-7bacd5479bcd","2026-05-04","459340200.00","IDR","PT. Lapi Laboratories ","","JE2605-0001","faktur_pajak_number","Taxed sales invoice assigned to a tax period is missing Faktur Pajak number","Taxed sales invoice assigned to a tax period is missing Faktur Pajak number","Enter the official Faktur Pajak number from the issued tax invoice; do not alter the sales amount, tax amount or posted journal","Manual edit required","false","Keep — deletion/recreation could remove audit evidence or rewrite posted history; resolve through an authorised manual correction"
"sales_invoice","SAPJ-26-017","662a7c07-df0a-463a-ba0c-2cff6381907f","2026-05-05","87782130.00","IDR","PT Prima Cita Prasada","","JE2605-0005","faktur_pajak_number","Taxed sales invoice assigned to a tax period is missing Faktur Pajak number","Taxed sales invoice assigned to a tax period is missing Faktur Pajak number","Enter the official Faktur Pajak number from the issued tax invoice; do not alter the sales amount, tax amount or posted journal","Manual edit required","false","Keep — deletion/recreation could remove audit evidence or rewrite posted history; resolve through an authorised manual correction"
"sales_invoice","SAPJ-26-018","22c3799b-59dd-4ddb-9085-b4a68e6dbedc","2026-05-07","97738830.00","IDR","PT Prima Cita Prasada","","JE2605-0012","faktur_pajak_number","Taxed sales invoice assigned to a tax period is missing Faktur Pajak number","Taxed sales invoice assigned to a tax period is missing Faktur Pajak number","Enter the official Faktur Pajak number from the issued tax invoice; do not alter the sales amount, tax amount or posted journal","Manual edit required","false","Keep — deletion/recreation could remove audit evidence or rewrite posted history; resolve through an authorised manual correction"
"sales_invoice","SAPJ-26-019","850ff16e-7cf3-447f-bf3e-99ed8135eba3","2026-05-07","58503105.00","IDR","PT Prima Cita Prasada","","JE2605-0013","faktur_pajak_number","Taxed sales invoice assigned to a tax period is missing Faktur Pajak number","Taxed sales invoice assigned to a tax period is missing Faktur Pajak number","Enter the official Faktur Pajak number from the issued tax invoice; do not alter the sales amount, tax amount or posted journal","Manual edit required","false","Keep — deletion/recreation could remove audit evidence or rewrite posted history; resolve through an authorised manual correction"
"sales_invoice","SAPJ-26-020","bebaa804-1a19-4273-ab82-207dada0f8ee","2026-05-21","1300226.25","IDR","PT. Rania Kalani Indonesia","","JE2605-0023","faktur_pajak_number","Taxed sales invoice assigned to a tax period is missing Faktur Pajak number","Taxed sales invoice assigned to a tax period is missing Faktur Pajak number","Enter the official Faktur Pajak number from the issued tax invoice; do not alter the sales amount, tax amount or posted journal","Manual edit required","false","Keep — deletion/recreation could remove audit evidence or rewrite posted history; resolve through an authorised manual correction"
"sales_invoice","SAPJ-26-021","07b8674d-b950-4ca7-b059-089b9626a60b","2026-06-02","26004525.00","IDR","PT. Rania Kalani Indonesia","","JE2606-0004","faktur_pajak_number","Taxed sales invoice assigned to a tax period is missing Faktur Pajak number","Taxed sales invoice assigned to a tax period is missing Faktur Pajak number","Enter the official Faktur Pajak number from the issued tax invoice; do not alter the sales amount, tax amount or posted journal","Manual edit required","false","Keep — deletion/recreation could remove audit evidence or rewrite posted history; resolve through an authorised manual correction"
"sales_invoice","SAPJ-26-022","f1b943b9-f7a5-487e-95f5-526e20c17e8f","2026-06-10","20057700.00","IDR","PT. Arto Pharma Indonesia","","JE2606-0027","faktur_pajak_number","Taxed sales invoice assigned to a tax period is missing Faktur Pajak number","Taxed sales invoice assigned to a tax period is missing Faktur Pajak number","Enter the official Faktur Pajak number from the issued tax invoice; do not alter the sales amount, tax amount or posted journal","Manual edit required","false","Keep — deletion/recreation could remove audit evidence or rewrite posted history; resolve through an authorised manual correction"
"sales_invoice","SAPJ-26-023","7841c782-1183-45b0-9193-256f95791ac3","2026-06-19","485913600.00","IDR","PT. Lapi Laboratories ","","JE2606-0051","faktur_pajak_number","Taxed sales invoice assigned to a tax period is missing Faktur Pajak number","Taxed sales invoice assigned to a tax period is missing Faktur Pajak number","Enter the official Faktur Pajak number from the issued tax invoice; do not alter the sales amount, tax amount or posted journal","Manual edit required","false","Keep — deletion/recreation could remove audit evidence or rewrite posted history; resolve through an authorised manual correction"
"sales_invoice","SAPJ-26-024","bcb0a17f-3272-480c-8c7f-eef6e769e3f4","2026-06-23","46363590.00","IDR","PT Erlangga Edi Laboratories (ERELA)","","JE2606-0060","faktur_pajak_number","Taxed sales invoice assigned to a tax period is missing Faktur Pajak number","Taxed sales invoice assigned to a tax period is missing Faktur Pajak number","Enter the official Faktur Pajak number from the issued tax invoice; do not alter the sales amount, tax amount or posted journal","Manual edit required","false","Keep — deletion/recreation could remove audit evidence or rewrite posted history; resolve through an authorised manual correction"
"sales_invoice","SAPJ-26-025","bb5ed19a-66d9-4cb7-90b6-8694bc848052","2026-06-24","33327056.25","IDR","PT. Rania Kalani Indonesia","","JE2606-0061","faktur_pajak_number","Taxed sales invoice assigned to a tax period is missing Faktur Pajak number","Taxed sales invoice assigned to a tax period is missing Faktur Pajak number","Enter the official Faktur Pajak number from the issued tax invoice; do not alter the sales amount, tax amount or posted journal","Manual edit required","false","Keep — deletion/recreation could remove audit evidence or rewrite posted history; resolve through an authorised manual correction"
"sales_invoice","SAPJ-26-026","24ef4e05-1e3d-4fad-bf76-5a4cc1b7a5d0","2026-06-26","104574487.50","IDR","PT Prima Cita Prasada","","JE2606-0062","faktur_pajak_number","Taxed sales invoice assigned to a tax period is missing Faktur Pajak number","Taxed sales invoice assigned to a tax period is missing Faktur Pajak number","Enter the official Faktur Pajak number from the issued tax invoice; do not alter the sales amount, tax amount or posted journal","Manual edit required","false","Keep — deletion/recreation could remove audit evidence or rewrite posted history; resolve through an authorised manual correction"
"sales_invoice","SAPJ-26-027","f2340d10-7b1c-4499-a3c7-e8d459aeab43","2026-07-07","20056600.00","IDR","PT. Arto Pharma Indonesia","","JE2607-0006","faktur_pajak_number","Taxed sales invoice assigned to a tax period is missing Faktur Pajak number","Taxed sales invoice assigned to a tax period is missing Faktur Pajak number","Enter the official Faktur Pajak number from the issued tax invoice; do not alter the sales amount, tax amount or posted journal","Manual edit required","false","Keep — deletion/recreation could remove audit evidence or rewrite posted history; resolve through an authorised manual correction"
"sales_invoice","SAPJ-26-028","9cc2582a-92f6-44e9-a3b5-61ecf9c62e4a","2026-07-07","49215412.00","IDR","PT Prima Cita Prasada","","JE2607-0007","faktur_pajak_number","Taxed sales invoice assigned to a tax period is missing Faktur Pajak number","Taxed sales invoice assigned to a tax period is missing Faktur Pajak number","Enter the official Faktur Pajak number from the issued tax invoice; do not alter the sales amount, tax amount or posted journal","Manual edit required","false","Keep — deletion/recreation could remove audit evidence or rewrite posted history; resolve through an authorised manual correction"
"sales_invoice","SAPJ-26-030","17a0aea3-5398-4733-8b52-068422a53290","2026-07-22","119890000.00","IDR","PT. Rania Kalani Indonesia","","JE2607-0045","faktur_pajak_number","Taxed sales invoice assigned to a tax period is missing Faktur Pajak number","Taxed sales invoice assigned to a tax period is missing Faktur Pajak number","Enter the official Faktur Pajak number from the issued tax invoice; do not alter the sales amount, tax amount or posted journal","Manual edit required","false","Keep — deletion/recreation could remove audit evidence or rewrite posted history; resolve through an authorised manual correction"
"sales_invoice","SAPJ-26-031","84073dcb-cb12-46fc-975a-dd5260e79691","2026-07-22","15612715.00","IDR","PT. Rania Kalani Indonesia","","JE2607-0046","faktur_pajak_number","Taxed sales invoice assigned to a tax period is missing Faktur Pajak number","Taxed sales invoice assigned to a tax period is missing Faktur Pajak number","Enter the official Faktur Pajak number from the issued tax invoice; do not alter the sales amount, tax amount or posted journal","Manual edit required","false","Keep — deletion/recreation could remove audit evidence or rewrite posted history; resolve through an authorised manual correction"
"bank_reconciliation","","89647a09-7d7e-48e4-b1de-97b4d064e3d0","2025-02-21","3603604.00","IDR","","BCA Bank · 0930 2010 14 · IDR","","matched_entry_id","Linked document has no provable active journal","Linked document has no provable active journal","Post or identify the correct source document journal","Manual relink required","false","Keep — deletion/recreation could remove audit evidence or rewrite posted history; resolve through an authorised manual correction"
"bank_reconciliation","","c4c2bb7e-d17f-4009-a579-1a1ac569b1f9","2025-10-15","5200000.00","IDR","","BCA Bank · 0930 2010 14 · IDR","","matched_entry_id","Linked document has no provable active journal","Linked document has no provable active journal","Post or identify the correct source document journal","Manual relink required","false","Keep — deletion/recreation could remove audit evidence or rewrite posted history; resolve through an authorised manual correction"
"expense","EXP/26-26/085","e2695a1e-dff2-4246-81da-95a1760af228","2025-10-15","4684685.00","IDR","PT STATION SARANA MULYA","BCA Bank · 0930 2010 14 · IDR","","active journal","Approved expense has no active journal","Approved expense has no active journal","Accountant-authorised posting through the native Expense workflow","Missing source document","false","Keep — deletion/recreation could remove audit evidence or rewrite posted history; resolve through an authorised manual correction"
"journal","JE2602-0085","ff853e3a-cab5-4f74-92bd-b37926a3071b","2026-01-06","20000000.00","IDR","","","JE2602-0085","source_module, reference_id","Journal metadata cannot be derived into a native Loan source document from stored data","Journal metadata cannot be derived into a native Loan source document from stored data","Confirm the lender identity, loan terms, maturity and opening outstanding balance; then create and relink the native Loan source document without reposting the journal","Missing source document","false","Keep — deletion/recreation could remove audit evidence or rewrite posted history; resolve through an authorised manual correction"
"journal","JE2607-0050","0501c421-4ece-4329-8ba0-48f5439caa64","2026-03-04","2000.00","USD","","","JE2607-0050","exchange_rate","Journal metadata cannot be derived from a unique stored source relationship","Journal metadata cannot be derived from a unique stored source relationship","Correct source module/document and/or authoritative historical currency rate","Missing source document","false","Keep — deletion/recreation could remove audit evidence or rewrite posted history; resolve through an authorised manual correction"
"journal","JE2607-0049","9b5a6d14-1a5b-49fe-a7ad-42f924d0dd1a","2026-06-11","4200.00","USD","","","JE2607-0049","exchange_rate","Journal metadata cannot be derived from a unique stored source relationship","Journal metadata cannot be derived from a unique stored source relationship","Correct source module/document and/or authoritative historical currency rate","Missing source document","false","Keep — deletion/recreation could remove audit evidence or rewrite posted history; resolve through an authorised manual correction"
