"Voucher No.","Date","Amount","Why it is flagged","Recommended action"
"JV/24-25/002","2025-01-02","IDR 300,000.00","The voucher is linked to a bank transaction, but its journal was posted to Cash on Hand or another account instead of the bank account.","Keep the record. An accountant should post a correcting/reclassification journal or formally reverse and repost it."
"JV/24-25/003","2025-01-02","IDR 7,366,500.00","The voucher is linked to a bank transaction, but its journal was posted to Cash on Hand or another account instead of the bank account.","Keep the record. An accountant should post a correcting/reclassification journal or formally reverse and repost it."
"JV/24-25/004","2025-01-13","IDR 8,000,000.00","The voucher is linked to a bank transaction, but its journal was posted to Cash on Hand or another account instead of the bank account.","Keep the record. An accountant should post a correcting/reclassification journal or formally reverse and repost it."
"JV/24-25/005","2025-01-14","IDR 7,000,000.00","The voucher is linked to a bank transaction, but its journal was posted to Cash on Hand or another account instead of the bank account.","Keep the record. An accountant should post a correcting/reclassification journal or formally reverse and repost it."
"JV/24-25/006","2025-01-31","IDR 30,000.00","The voucher is linked to a bank transaction, but its journal was posted to Cash on Hand or another account instead of the bank account.","Keep the record. An accountant should post a correcting/reclassification journal or formally reverse and repost it."
"JV/24-25/007","2025-01-31","USD 5.00","The voucher is linked to a bank transaction, but its journal was posted to Cash on Hand or another account instead of the bank account.","Keep the record. An accountant should post a correcting/reclassification journal or formally reverse and repost it."
"JV/24-25/011","2025-02-03","IDR 3,500,000.00","The voucher is linked to a bank transaction, but its journal was posted to Cash on Hand or another account instead of the bank account.","Keep the record. An accountant should post a correcting/reclassification journal or formally reverse and repost it."
"JV/24-25/009","2025-02-03","IDR 8,000,000.00","The voucher is linked to a bank transaction, but its journal was posted to Cash on Hand or another account instead of the bank account.","Keep the record. An accountant should post a correcting/reclassification journal or formally reverse and repost it."
"JV/24-25/010","2025-02-03","IDR 3,800,000.00","The voucher is linked to a bank transaction, but its journal was posted to Cash on Hand or another account instead of the bank account.","Keep the record. An accountant should post a correcting/reclassification journal or formally reverse and repost it."
"JV/24-25/012","2025-02-17","IDR 36,396,397.00","The voucher is linked to a bank transaction, but its journal was posted to Cash on Hand or another account instead of the bank account.","Keep the record. An accountant should post a correcting/reclassification journal or formally reverse and repost it."
"JV/24-25/015","2025-02-21","IDR 558,394.00","The voucher is linked to a bank transaction, but its journal was posted to Cash on Hand or another account instead of the bank account.","Keep the record. An accountant should post a correcting/reclassification journal or formally reverse and repost it."
"JV/24-25/014","2025-02-21","IDR 385,800.00","The voucher is linked to a bank transaction, but its journal was posted to Cash on Hand or another account instead of the bank account.","Keep the record. An accountant should post a correcting/reclassification journal or formally reverse and repost it."
"JV/24-25/017","2025-02-26","IDR 11,935,000.00","The voucher is linked to a bank transaction, but its journal was posted to Cash on Hand or another account instead of the bank account.","Keep the record. An accountant should post a correcting/reclassification journal or formally reverse and repost it."
"JV/24-25/019","2025-02-28","USD 5.00","The voucher is linked to a bank transaction, but its journal was posted to Cash on Hand or another account instead of the bank account.","Keep the record. An accountant should post a correcting/reclassification journal or formally reverse and repost it."
"JV/24-25/018","2025-02-28","IDR 30,000.00","The voucher is linked to a bank transaction, but its journal was posted to Cash on Hand or another account instead of the bank account.","Keep the record. An accountant should post a correcting/reclassification journal or formally reverse and repost it."
"JV/24-25/023","2025-03-03","IDR 3,500,000.00","The voucher is linked to a bank transaction, but its journal was posted to Cash on Hand or another account instead of the bank account.","Keep the record. An accountant should post a correcting/reclassification journal or formally reverse and repost it."
"JV/24-25/022","2025-03-03","IDR 3,800,000.00","The voucher is linked to a bank transaction, but its journal was posted to Cash on Hand or another account instead of the bank account.","Keep the record. An accountant should post a correcting/reclassification journal or formally reverse and repost it."
"JV/24-25/021","2025-03-03","IDR 4,500,000.00","The voucher is linked to a bank transaction, but its journal was posted to Cash on Hand or another account instead of the bank account.","Keep the record. An accountant should post a correcting/reclassification journal or formally reverse and repost it."
"JV/24-25/024","2025-03-05","IDR 1,000,000.00","The voucher is linked to a bank transaction, but its journal was posted to Cash on Hand or another account instead of the bank account.","Keep the record. An accountant should post a correcting/reclassification journal or formally reverse and repost it."
"JV/24-25/027","2025-03-13","IDR 369,300.00","The voucher is linked to a bank transaction, but its journal was posted to Cash on Hand or another account instead of the bank account.","Keep the record. An accountant should post a correcting/reclassification journal or formally reverse and repost it."
"JV/24-25/028","2025-03-13","IDR 350,915.00","The voucher is linked to a bank transaction, but its journal was posted to Cash on Hand or another account instead of the bank account.","Keep the record. An accountant should post a correcting/reclassification journal or formally reverse and repost it."
"JV/24-25/026","2025-03-13","IDR 500,000.00","The voucher is linked to a bank transaction, but its journal was posted to Cash on Hand or another account instead of the bank account.","Keep the record. An accountant should post a correcting/reclassification journal or formally reverse and repost it."
"JV/24-25/030","2025-03-21","IDR 110,000.00","The voucher is linked to a bank transaction, but its journal was posted to Cash on Hand or another account instead of the bank account.","Keep the record. An accountant should post a correcting/reclassification journal or formally reverse and repost it."
"2103/FTSCY/WS95051","2025-03-21","IDR 250,000.00","The voucher is linked to a bank transaction, but its journal was posted to Cash on Hand or another account instead of the bank account.","Keep the record. An accountant should post a correcting/reclassification journal or formally reverse and repost it."
"JV/24-25/032","2025-03-27","IDR 4,500,000.00","The voucher is linked to a bank transaction, but its journal was posted to Cash on Hand or another account instead of the bank account.","Keep the record. An accountant should post a correcting/reclassification journal or formally reverse and repost it."
"JV/24-25/035","2025-03-27","IDR 3,800,000.00","The voucher is linked to a bank transaction, but its journal was posted to Cash on Hand or another account instead of the bank account.","Keep the record. An accountant should post a correcting/reclassification journal or formally reverse and repost it."
"JV/24-25/034","2025-03-27","IDR 3,500,000.00","The voucher is linked to a bank transaction, but its journal was posted to Cash on Hand or another account instead of the bank account.","Keep the record. An accountant should post a correcting/reclassification journal or formally reverse and repost it."
"JV/24-25/033","2025-03-27","IDR 1,000,000.00","The voucher is linked to a bank transaction, but its journal was posted to Cash on Hand or another account instead of the bank account.","Keep the record. An accountant should post a correcting/reclassification journal or formally reverse and repost it."
"JV/24-25/037","2025-03-31","USD 5.00","The voucher is linked to a bank transaction, but its journal was posted to Cash on Hand or another account instead of the bank account.","Keep the record. An accountant should post a correcting/reclassification journal or formally reverse and repost it."
"JV/24-25/036","2025-03-31","IDR 30,000.00","The voucher is linked to a bank transaction, but its journal was posted to Cash on Hand or another account instead of the bank account.","Keep the record. An accountant should post a correcting/reclassification journal or formally reverse and repost it."
"JV/25-26/002","2025-04-09","IDR 7,000,000.00","The voucher is linked to a bank transaction, but its journal was posted to Cash on Hand or another account instead of the bank account.","Keep the record. An accountant should post a correcting/reclassification journal or formally reverse and repost it."
"JV/25-26/004","2025-04-14","IDR 5,000,000.00","The voucher is linked to a bank transaction, but its journal was posted to Cash on Hand or another account instead of the bank account.","Keep the record. An accountant should post a correcting/reclassification journal or formally reverse and repost it."
"JV/25-26/006","2025-04-15","IDR 5,000,000.00","The voucher is linked to a bank transaction, but its journal was posted to Cash on Hand or another account instead of the bank account.","Keep the record. An accountant should post a correcting/reclassification journal or formally reverse and repost it."
"JV/25-26/008","2025-04-21","IDR 305,318.00","The voucher is linked to a bank transaction, but its journal was posted to Cash on Hand or another account instead of the bank account.","Keep the record. An accountant should post a correcting/reclassification journal or formally reverse and repost it."
"JV/25-26/007","2025-04-21","IDR 385,800.00","The voucher is linked to a bank transaction, but its journal was posted to Cash on Hand or another account instead of the bank account.","Keep the record. An accountant should post a correcting/reclassification journal or formally reverse and repost it."
"JV/25-26/010","2025-04-25","IDR 889,500.00","The voucher is linked to a bank transaction, but its journal was posted to Cash on Hand or another account instead of the bank account.","Keep the record. An accountant should post a correcting/reclassification journal or formally reverse and repost it."
"JV/25-26/015","2025-04-30","IDR 1,000,000.00","The voucher is linked to a bank transaction, but its journal was posted to Cash on Hand or another account instead of the bank account.","Keep the record. An accountant should post a correcting/reclassification journal or formally reverse and repost it."
"JV/25-26/013","2025-04-30","IDR 3,500,000.00","The voucher is linked to a bank transaction, but its journal was posted to Cash on Hand or another account instead of the bank account.","Keep the record. An accountant should post a correcting/reclassification journal or formally reverse and repost it."
"JV/25-26/012","2025-04-30","USD 5.00","The voucher is linked to a bank transaction, but its journal was posted to Cash on Hand or another account instead of the bank account.","Keep the record. An accountant should post a correcting/reclassification journal or formally reverse and repost it."
"JV/25-26/016","2025-04-30","IDR 3,800,000.00","The voucher is linked to a bank transaction, but its journal was posted to Cash on Hand or another account instead of the bank account.","Keep the record. An accountant should post a correcting/reclassification journal or formally reverse and repost it."
"JV/25-26/011","2025-04-30","IDR 30,000.00","The voucher is linked to a bank transaction, but its journal was posted to Cash on Hand or another account instead of the bank account.","Keep the record. An accountant should post a correcting/reclassification journal or formally reverse and repost it."
"JV/25-26/014","2025-04-30","IDR 4,500,000.00","The voucher is linked to a bank transaction, but its journal was posted to Cash on Hand or another account instead of the bank account.","Keep the record. An accountant should post a correcting/reclassification journal or formally reverse and repost it."
"JV/25-26/018","2025-05-09","IDR 3,300,000.00","The voucher is linked to a bank transaction, but its journal was posted to Cash on Hand or another account instead of the bank account.","Keep the record. An accountant should post a correcting/reclassification journal or formally reverse and repost it."
"JV/25-26/020","2025-05-19","IDR 552,355.00","The voucher is linked to a bank transaction, but its journal was posted to Cash on Hand or another account instead of the bank account.","Keep the record. An accountant should post a correcting/reclassification journal or formally reverse and repost it."
"JV/25-26/022","2025-05-19","IDR 6,600,000.00","The voucher is linked to a bank transaction, but its journal was posted to Cash on Hand or another account instead of the bank account.","Keep the record. An accountant should post a correcting/reclassification journal or formally reverse and repost it."
"JV/25-26/021","2025-05-19","IDR 369,300.00","The voucher is linked to a bank transaction, but its journal was posted to Cash on Hand or another account instead of the bank account.","Keep the record. An accountant should post a correcting/reclassification journal or formally reverse and repost it."
"JV/25-26/024","2025-05-28","IDR 3,800,000.00","The voucher is linked to a bank transaction, but its journal was posted to Cash on Hand or another account instead of the bank account.","Keep the record. An accountant should post a correcting/reclassification journal or formally reverse and repost it."
"JV/25-26/026","2025-05-28","IDR 1,000,000.00","The voucher is linked to a bank transaction, but its journal was posted to Cash on Hand or another account instead of the bank account.","Keep the record. An accountant should post a correcting/reclassification journal or formally reverse and repost it."
"JV/25-26/027","2025-05-28","IDR 3,000,000.00","The voucher is linked to a bank transaction, but its journal was posted to Cash on Hand or another account instead of the bank account.","Keep the record. An accountant should post a correcting/reclassification journal or formally reverse and repost it."
"JV/25-26/025","2025-05-28","IDR 4,500,000.00","The voucher is linked to a bank transaction, but its journal was posted to Cash on Hand or another account instead of the bank account.","Keep the record. An accountant should post a correcting/reclassification journal or formally reverse and repost it."
"JV/25-26/029","2025-05-31","USD 5.00","The voucher is linked to a bank transaction, but its journal was posted to Cash on Hand or another account instead of the bank account.","Keep the record. An accountant should post a correcting/reclassification journal or formally reverse and repost it."
"JV/25-26/028","2025-05-31","IDR 30,000.00","The voucher is linked to a bank transaction, but its journal was posted to Cash on Hand or another account instead of the bank account.","Keep the record. An accountant should post a correcting/reclassification journal or formally reverse and repost it."
"JV/25-26/037","2025-06-21","IDR 8,000,000.00","The voucher is linked to a bank transaction, but its journal was posted to Cash on Hand or another account instead of the bank account.","Keep the record. An accountant should post a correcting/reclassification journal or formally reverse and repost it."
"JV/25-26/053","2025-06-30","USD 5.00","The voucher is linked to a bank transaction, but its journal was posted to Cash on Hand or another account instead of the bank account.","Keep the record. An accountant should post a correcting/reclassification journal or formally reverse and repost it."
"JV/25-26/054","2025-06-30","IDR 30,000.00","The voucher is linked to a bank transaction, but its journal was posted to Cash on Hand or another account instead of the bank account.","Keep the record. An accountant should post a correcting/reclassification journal or formally reverse and repost it."
"JV/25-26/083","2025-07-31","IDR 30,000.00","The voucher is linked to a bank transaction, but its journal was posted to Cash on Hand or another account instead of the bank account.","Keep the record. An accountant should post a correcting/reclassification journal or formally reverse and repost it."
"JV/25-26/081","2025-07-31","USD 5.00","The voucher is linked to a bank transaction, but its journal was posted to Cash on Hand or another account instead of the bank account.","Keep the record. An accountant should post a correcting/reclassification journal or formally reverse and repost it."
"JV/25-26/082","2025-07-31","IDR 623,000.00","The voucher is linked to a bank transaction, but its journal was posted to Cash on Hand or another account instead of the bank account.","Keep the record. An accountant should post a correcting/reclassification journal or formally reverse and repost it."
"JV/25-26/090","2025-08-01","IDR 75,000.00","The voucher is linked to a bank transaction, but its journal was posted to Cash on Hand or another account instead of the bank account.","Keep the record. An accountant should post a correcting/reclassification journal or formally reverse and repost it."
"JV/25-26/087","2025-08-01","IDR 3,500,000.00","The voucher is linked to a bank transaction, but its journal was posted to Cash on Hand or another account instead of the bank account.","Keep the record. An accountant should post a correcting/reclassification journal or formally reverse and repost it."
"JV/25-26/093","2025-08-16","IDR 8,000,000.00","The voucher is linked to a bank transaction, but its journal was posted to Cash on Hand or another account instead of the bank account.","Keep the record. An accountant should post a correcting/reclassification journal or formally reverse and repost it."
"JV/25-26/095","2025-08-19","IDR 5,000,000.00","The voucher is linked to a bank transaction, but its journal was posted to Cash on Hand or another account instead of the bank account.","Keep the record. An accountant should post a correcting/reclassification journal or formally reverse and repost it."
"JV/25-26/097","2025-08-21","IDR 812,000.00","The voucher is linked to a bank transaction, but its journal was posted to Cash on Hand or another account instead of the bank account.","Keep the record. An accountant should post a correcting/reclassification journal or formally reverse and repost it."
"JV/25-26/099","2025-08-27","IDR 5,000,000.00","The voucher is linked to a bank transaction, but its journal was posted to Cash on Hand or another account instead of the bank account.","Keep the record. An accountant should post a correcting/reclassification journal or formally reverse and repost it."
"JV/25-26/103","2025-08-31","IDR 30,000.00","The voucher is linked to a bank transaction, but its journal was posted to Cash on Hand or another account instead of the bank account.","Keep the record. An accountant should post a correcting/reclassification journal or formally reverse and repost it."
"JV/25-26/104","2025-08-31","USD 5.00","The voucher is linked to a bank transaction, but its journal was posted to Cash on Hand or another account instead of the bank account.","Keep the record. An accountant should post a correcting/reclassification journal or formally reverse and repost it."
"JV/25-26/120","2025-09-11","IDR 2,500.00","The voucher is linked to a bank transaction, but its journal was posted to Cash on Hand or another account instead of the bank account.","Keep the record. An accountant should post a correcting/reclassification journal or formally reverse and repost it."
"JV/25-26/119","2025-09-11","IDR 145,000,000.00","The voucher is linked to a bank transaction, but its journal was posted to Cash on Hand or another account instead of the bank account.","Keep the record. An accountant should post a correcting/reclassification journal or formally reverse and repost it."
"JV/25-26/123","2025-09-13","IDR 5,000,000.00","The voucher is linked to a bank transaction, but its journal was posted to Cash on Hand or another account instead of the bank account.","Keep the record. An accountant should post a correcting/reclassification journal or formally reverse and repost it."
"JV/25-26/126","2025-09-15","IDR 150,000.00","The voucher is linked to a bank transaction, but its journal was posted to Cash on Hand or another account instead of the bank account.","Keep the record. An accountant should post a correcting/reclassification journal or formally reverse and repost it."
"JV/25-26/134","2025-09-17","IDR 1,000,000.00","The voucher is linked to a bank transaction, but its journal was posted to Cash on Hand or another account instead of the bank account.","Keep the record. An accountant should post a correcting/reclassification journal or formally reverse and repost it."
"JV/25-26/133","2025-09-18","IDR 170,811.00","The voucher is linked to a bank transaction, but its journal was posted to Cash on Hand or another account instead of the bank account.","Keep the record. An accountant should post a correcting/reclassification journal or formally reverse and repost it."
"JV/25-26/129","2025-09-18","IDR 369,300.00","The voucher is linked to a bank transaction, but its journal was posted to Cash on Hand or another account instead of the bank account.","Keep the record. An accountant should post a correcting/reclassification journal or formally reverse and repost it."
"JV/25-26/139","2025-09-23","IDR 50,000.00","The voucher is linked to a bank transaction, but its journal was posted to Cash on Hand or another account instead of the bank account.","Keep the record. An accountant should post a correcting/reclassification journal or formally reverse and repost it."
"JE2509-0025","2025-09-30","USD 5.00","The voucher is linked to a bank transaction, but its journal was posted to Cash on Hand or another account instead of the bank account.","Keep the record. An accountant should post a correcting/reclassification journal or formally reverse and repost it."
"JE2509-0024","2025-09-30","IDR 30,000.00","The voucher is linked to a bank transaction, but its journal was posted to Cash on Hand or another account instead of the bank account.","Keep the record. An accountant should post a correcting/reclassification journal or formally reverse and repost it."
"JE2510-0001","2025-10-01","IDR 413,000.00","The voucher is linked to a bank transaction, but its journal was posted to Cash on Hand or another account instead of the bank account.","Keep the record. An accountant should post a correcting/reclassification journal or formally reverse and repost it."
"JE2510-0004","2025-10-01","IDR 4,500,000.00","The voucher is linked to a bank transaction, but its journal was posted to Cash on Hand or another account instead of the bank account.","Keep the record. An accountant should post a correcting/reclassification journal or formally reverse and repost it."
"JE2509-0020","2025-10-01","IDR 1,000,000.00","The voucher is linked to a bank transaction, but its journal was posted to Cash on Hand or another account instead of the bank account.","Keep the record. An accountant should post a correcting/reclassification journal or formally reverse and repost it."
"JE2510-0003","2025-10-01","IDR 776,500.00","The voucher is linked to a bank transaction, but its journal was posted to Cash on Hand or another account instead of the bank account.","Keep the record. An accountant should post a correcting/reclassification journal or formally reverse and repost it."
"JE2510-0005","2025-10-07","IDR 1,000,000.00","The voucher is linked to a bank transaction, but its journal was posted to Cash on Hand or another account instead of the bank account.","Keep the record. An accountant should post a correcting/reclassification journal or formally reverse and repost it."
"JE2510-0010","2025-10-10","IDR 240,000.00","The voucher is linked to a bank transaction, but its journal was posted to Cash on Hand or another account instead of the bank account.","Keep the record. An accountant should post a correcting/reclassification journal or formally reverse and repost it."
"JE2510-0011","2025-10-10","IDR 2,500.00","The voucher is linked to a bank transaction, but its journal was posted to Cash on Hand or another account instead of the bank account.","Keep the record. An accountant should post a correcting/reclassification journal or formally reverse and repost it."
"JE2510-0007","2025-10-13","IDR 275,000.00","The voucher is linked to a bank transaction, but its journal was posted to Cash on Hand or another account instead of the bank account.","Keep the record. An accountant should post a correcting/reclassification journal or formally reverse and repost it."
"JE2510-0012","2025-10-13","IDR 165,000.00","The voucher is linked to a bank transaction, but its journal was posted to Cash on Hand or another account instead of the bank account.","Keep the record. An accountant should post a correcting/reclassification journal or formally reverse and repost it."
"JE2510-0015","2025-10-14","IDR 2,500.00","The voucher is linked to a bank transaction, but its journal was posted to Cash on Hand or another account instead of the bank account.","Keep the record. An accountant should post a correcting/reclassification journal or formally reverse and repost it."
"JE2510-0019","2025-10-17","IDR 380,000.00","The voucher is linked to a bank transaction, but its journal was posted to Cash on Hand or another account instead of the bank account.","Keep the record. An accountant should post a correcting/reclassification journal or formally reverse and repost it."
"JE2510-0020","2025-10-17","IDR 2,500.00","The voucher is linked to a bank transaction, but its journal was posted to Cash on Hand or another account instead of the bank account.","Keep the record. An accountant should post a correcting/reclassification journal or formally reverse and repost it."
"JE2510-0018","2025-10-17","IDR 145,000,000.00","The voucher is linked to a bank transaction, but its journal was posted to Cash on Hand or another account instead of the bank account.","Keep the record. An accountant should post a correcting/reclassification journal or formally reverse and repost it."
"JE2510-0023","2025-10-20","IDR 200,633.00","The voucher is linked to a bank transaction, but its journal was posted to Cash on Hand or another account instead of the bank account.","Keep the record. An accountant should post a correcting/reclassification journal or formally reverse and repost it."
"JE2510-0021","2025-10-20","IDR 776,500.00","The voucher is linked to a bank transaction, but its journal was posted to Cash on Hand or another account instead of the bank account.","Keep the record. An accountant should post a correcting/reclassification journal or formally reverse and repost it."
"JE2510-0022","2025-10-20","IDR 369,300.00","The voucher is linked to a bank transaction, but its journal was posted to Cash on Hand or another account instead of the bank account.","Keep the record. An accountant should post a correcting/reclassification journal or formally reverse and repost it."
"JE2510-0025","2025-10-21","IDR 196,000.00","The voucher is linked to a bank transaction, but its journal was posted to Cash on Hand or another account instead of the bank account.","Keep the record. An accountant should post a correcting/reclassification journal or formally reverse and repost it."
"JE2510-0027","2025-10-21","IDR 2,500.00","The voucher is linked to a bank transaction, but its journal was posted to Cash on Hand or another account instead of the bank account.","Keep the record. An accountant should post a correcting/reclassification journal or formally reverse and repost it."
"JE2510-0024","2025-10-21","IDR 12,000,000.00","The voucher is linked to a bank transaction, but its journal was posted to Cash on Hand or another account instead of the bank account.","Keep the record. An accountant should post a correcting/reclassification journal or formally reverse and repost it."
"JE2510-0026","2025-10-22","IDR 180,000.00","The voucher is linked to a bank transaction, but its journal was posted to Cash on Hand or another account instead of the bank account.","Keep the record. An accountant should post a correcting/reclassification journal or formally reverse and repost it."
"JE2510-0028","2025-10-23","IDR 680,000.00","The voucher is linked to a bank transaction, but its journal was posted to Cash on Hand or another account instead of the bank account.","Keep the record. An accountant should post a correcting/reclassification journal or formally reverse and repost it."
"JE2510-0030","2025-10-24","IDR 285,000.00","The voucher is linked to a bank transaction, but its journal was posted to Cash on Hand or another account instead of the bank account.","Keep the record. An accountant should post a correcting/reclassification journal or formally reverse and repost it."
"JE2510-0029","2025-10-24","IDR 4,000,000.00","The voucher is linked to a bank transaction, but its journal was posted to Cash on Hand or another account instead of the bank account.","Keep the record. An accountant should post a correcting/reclassification journal or formally reverse and repost it."
"JE2510-0059","2025-10-25","IDR 180,000.00","The voucher is linked to a bank transaction, but its journal was posted to Cash on Hand or another account instead of the bank account.","Keep the record. An accountant should post a correcting/reclassification journal or formally reverse and repost it."
"JE2510-0031","2025-10-27","IDR 145,000.00","The voucher is linked to a bank transaction, but its journal was posted to Cash on Hand or another account instead of the bank account.","Keep the record. An accountant should post a correcting/reclassification journal or formally reverse and repost it."
"JE2510-0032","2025-10-27","IDR 600,000.00","The voucher is linked to a bank transaction, but its journal was posted to Cash on Hand or another account instead of the bank account.","Keep the record. An accountant should post a correcting/reclassification journal or formally reverse and repost it."
"JE2510-0042","2025-10-29","IDR 137,000.00","The voucher is linked to a bank transaction, but its journal was posted to Cash on Hand or another account instead of the bank account.","Keep the record. An accountant should post a correcting/reclassification journal or formally reverse and repost it."
"JE2510-0035","2025-10-29","IDR 50,000.00","The voucher is linked to a bank transaction, but its journal was posted to Cash on Hand or another account instead of the bank account.","Keep the record. An accountant should post a correcting/reclassification journal or formally reverse and repost it."
"JE2510-0039","2025-10-29","IDR 50,000.00","The voucher is linked to a bank transaction, but its journal was posted to Cash on Hand or another account instead of the bank account.","Keep the record. An accountant should post a correcting/reclassification journal or formally reverse and repost it."
"JE2510-0037","2025-10-29","IDR 50,000.00","The voucher is linked to a bank transaction, but its journal was posted to Cash on Hand or another account instead of the bank account.","Keep the record. An accountant should post a correcting/reclassification journal or formally reverse and repost it."
"JE2510-0036","2025-10-29","IDR 50,000.00","The voucher is linked to a bank transaction, but its journal was posted to Cash on Hand or another account instead of the bank account.","Keep the record. An accountant should post a correcting/reclassification journal or formally reverse and repost it."
"JE2510-0034","2025-10-29","IDR 50,000.00","The voucher is linked to a bank transaction, but its journal was posted to Cash on Hand or another account instead of the bank account.","Keep the record. An accountant should post a correcting/reclassification journal or formally reverse and repost it."
"JE2510-0040","2025-10-29","IDR 50,000.00","The voucher is linked to a bank transaction, but its journal was posted to Cash on Hand or another account instead of the bank account.","Keep the record. An accountant should post a correcting/reclassification journal or formally reverse and repost it."
"JE2510-0038","2025-10-29","IDR 50,000.00","The voucher is linked to a bank transaction, but its journal was posted to Cash on Hand or another account instead of the bank account.","Keep the record. An accountant should post a correcting/reclassification journal or formally reverse and repost it."
"JE2510-0055","2025-10-31","USD 5.00","The voucher is linked to a bank transaction, but its journal was posted to Cash on Hand or another account instead of the bank account.","Keep the record. An accountant should post a correcting/reclassification journal or formally reverse and repost it."
"JE2510-0044","2025-10-31","IDR 50,000.00","The voucher is linked to a bank transaction, but its journal was posted to Cash on Hand or another account instead of the bank account.","Keep the record. An accountant should post a correcting/reclassification journal or formally reverse and repost it."
"JE2510-0046","2025-10-31","IDR 50,000.00","The voucher is linked to a bank transaction, but its journal was posted to Cash on Hand or another account instead of the bank account.","Keep the record. An accountant should post a correcting/reclassification journal or formally reverse and repost it."
"JE2510-0054","2025-10-31","IDR 30,000.00","The voucher is linked to a bank transaction, but its journal was posted to Cash on Hand or another account instead of the bank account.","Keep the record. An accountant should post a correcting/reclassification journal or formally reverse and repost it."
"JE2510-0045","2025-10-31","IDR 50,000.00","The voucher is linked to a bank transaction, but its journal was posted to Cash on Hand or another account instead of the bank account.","Keep the record. An accountant should post a correcting/reclassification journal or formally reverse and repost it."
"JE2510-0043","2025-10-31","IDR 50,000.00","The voucher is linked to a bank transaction, but its journal was posted to Cash on Hand or another account instead of the bank account.","Keep the record. An accountant should post a correcting/reclassification journal or formally reverse and repost it."
"JE2510-0060","2025-10-31","USD 5.00","The voucher is linked to a bank transaction, but its journal was posted to Cash on Hand or another account instead of the bank account.","Keep the record. An accountant should post a correcting/reclassification journal or formally reverse and repost it."
"JE2511-0007","2025-11-04","IDR 369,300.00","The voucher is linked to a bank transaction, but its journal was posted to Cash on Hand or another account instead of the bank account.","Keep the record. An accountant should post a correcting/reclassification journal or formally reverse and repost it."
"JE2511-0016","2025-11-06","IDR 212,000.00","The voucher is linked to a bank transaction, but its journal was posted to Cash on Hand or another account instead of the bank account.","Keep the record. An accountant should post a correcting/reclassification journal or formally reverse and repost it."
"JE2511-0031","2025-11-12","IDR 195,000.00","The voucher is linked to a bank transaction, but its journal was posted to Cash on Hand or another account instead of the bank account.","Keep the record. An accountant should post a correcting/reclassification journal or formally reverse and repost it."
"JE2511-0034","2025-11-13","IDR 2,500.00","The voucher is linked to a bank transaction, but its journal was posted to Cash on Hand or another account instead of the bank account.","Keep the record. An accountant should post a correcting/reclassification journal or formally reverse and repost it."
"JE2511-0040","2025-11-19","IDR 213,543.00","The voucher is linked to a bank transaction, but its journal was posted to Cash on Hand or another account instead of the bank account.","Keep the record. An accountant should post a correcting/reclassification journal or formally reverse and repost it."
"JE2511-0041","2025-11-19","IDR 704,990.00","The voucher is linked to a bank transaction, but its journal was posted to Cash on Hand or another account instead of the bank account.","Keep the record. An accountant should post a correcting/reclassification journal or formally reverse and repost it."
"JE2511-0039","2025-11-19","IDR 139,671.00","The voucher is linked to a bank transaction, but its journal was posted to Cash on Hand or another account instead of the bank account.","Keep the record. An accountant should post a correcting/reclassification journal or formally reverse and repost it."
"JE2511-0052","2025-11-24","IDR 83,400.00","The voucher is linked to a bank transaction, but its journal was posted to Cash on Hand or another account instead of the bank account.","Keep the record. An accountant should post a correcting/reclassification journal or formally reverse and repost it."
"JE2511-0059","2025-11-25","IDR 105,500.00","The voucher is linked to a bank transaction, but its journal was posted to Cash on Hand or another account instead of the bank account.","Keep the record. An accountant should post a correcting/reclassification journal or formally reverse and repost it."
"JE2511-0058","2025-11-25","IDR 3,300,000.00","The voucher is linked to a bank transaction, but its journal was posted to Cash on Hand or another account instead of the bank account.","Keep the record. An accountant should post a correcting/reclassification journal or formally reverse and repost it."
"JE2511-0063","2025-11-28","IDR 5,000,000.00","The voucher is linked to a bank transaction, but its journal was posted to Cash on Hand or another account instead of the bank account.","Keep the record. An accountant should post a correcting/reclassification journal or formally reverse and repost it."
"JE2511-0069","2025-11-30","USD 5.00","The voucher is linked to a bank transaction, but its journal was posted to Cash on Hand or another account instead of the bank account.","Keep the record. An accountant should post a correcting/reclassification journal or formally reverse and repost it."
"JE2511-0075","2025-11-30","USD 5.00","The voucher is linked to a bank transaction, but its journal was posted to Cash on Hand or another account instead of the bank account.","Keep the record. An accountant should post a correcting/reclassification journal or formally reverse and repost it."
"JE2511-0068","2025-11-30","IDR 30,000.00","The voucher is linked to a bank transaction, but its journal was posted to Cash on Hand or another account instead of the bank account.","Keep the record. An accountant should post a correcting/reclassification journal or formally reverse and repost it."
"JE2512-0076","2025-12-01","IDR 2,500.00","The voucher is linked to a bank transaction, but its journal was posted to Cash on Hand or another account instead of the bank account.","Keep the record. An accountant should post a correcting/reclassification journal or formally reverse and repost it."
"JE2511-0067","2025-12-01","IDR 4,500,000.00","The voucher is linked to a bank transaction, but its journal was posted to Cash on Hand or another account instead of the bank account.","Keep the record. An accountant should post a correcting/reclassification journal or formally reverse and repost it."
"JE2512-0075","2025-12-01","IDR 3,000,000.00","The voucher is linked to a bank transaction, but its journal was posted to Cash on Hand or another account instead of the bank account.","Keep the record. An accountant should post a correcting/reclassification journal or formally reverse and repost it."
"JE2512-0074","2025-12-01","IDR 3,000,000.00","The voucher is linked to a bank transaction, but its journal was posted to Cash on Hand or another account instead of the bank account.","Keep the record. An accountant should post a correcting/reclassification journal or formally reverse and repost it."
"JE2512-0072","2025-12-01","IDR 3,800,000.00","The voucher is linked to a bank transaction, but its journal was posted to Cash on Hand or another account instead of the bank account.","Keep the record. An accountant should post a correcting/reclassification journal or formally reverse and repost it."
"JE2512-0073","2025-12-01","IDR 1,285,000.00","The voucher is linked to a bank transaction, but its journal was posted to Cash on Hand or another account instead of the bank account.","Keep the record. An accountant should post a correcting/reclassification journal or formally reverse and repost it."
"JE2512-0080","2025-12-02","IDR 150,000.00","The voucher is linked to a bank transaction, but its journal was posted to Cash on Hand or another account instead of the bank account.","Keep the record. An accountant should post a correcting/reclassification journal or formally reverse and repost it."
"JE2512-0083","2025-12-04","IDR 250,000.00","The voucher is linked to a bank transaction, but its journal was posted to Cash on Hand or another account instead of the bank account.","Keep the record. An accountant should post a correcting/reclassification journal or formally reverse and repost it."
"JE2512-0084","2025-12-08","IDR 55,000.00","The voucher is linked to a bank transaction, but its journal was posted to Cash on Hand or another account instead of the bank account.","Keep the record. An accountant should post a correcting/reclassification journal or formally reverse and repost it."
"JE2512-0088","2025-12-08","IDR 600,000.00","The voucher is linked to a bank transaction, but its journal was posted to Cash on Hand or another account instead of the bank account.","Keep the record. An accountant should post a correcting/reclassification journal or formally reverse and repost it."
"JE2512-0085","2025-12-08","IDR 20,000,000.00","The voucher is linked to a bank transaction, but its journal was posted to Cash on Hand or another account instead of the bank account.","Keep the record. An accountant should post a correcting/reclassification journal or formally reverse and repost it."
"JE2512-0086","2025-12-08","IDR 2,500.00","The voucher is linked to a bank transaction, but its journal was posted to Cash on Hand or another account instead of the bank account.","Keep the record. An accountant should post a correcting/reclassification journal or formally reverse and repost it."
"JE2512-0087","2025-12-08","IDR 2,500.00","The voucher is linked to a bank transaction, but its journal was posted to Cash on Hand or another account instead of the bank account.","Keep the record. An accountant should post a correcting/reclassification journal or formally reverse and repost it."
"JE2512-0094","2025-12-15","IDR 1,250,000.00","The voucher is linked to a bank transaction, but its journal was posted to Cash on Hand or another account instead of the bank account.","Keep the record. An accountant should post a correcting/reclassification journal or formally reverse and repost it."
"JE2512-0096","2025-12-15","IDR 465,280.00","The voucher is linked to a bank transaction, but its journal was posted to Cash on Hand or another account instead of the bank account.","Keep the record. An accountant should post a correcting/reclassification journal or formally reverse and repost it."
"JE2512-0097","2025-12-15","IDR 375,000.00","The voucher is linked to a bank transaction, but its journal was posted to Cash on Hand or another account instead of the bank account.","Keep the record. An accountant should post a correcting/reclassification journal or formally reverse and repost it."
"JE2512-0100","2025-12-16","IDR 50,000.00","The voucher is linked to a bank transaction, but its journal was posted to Cash on Hand or another account instead of the bank account.","Keep the record. An accountant should post a correcting/reclassification journal or formally reverse and repost it."
"JE2512-0099","2025-12-16","IDR 391,000.00","The voucher is linked to a bank transaction, but its journal was posted to Cash on Hand or another account instead of the bank account.","Keep the record. An accountant should post a correcting/reclassification journal or formally reverse and repost it."
"JE2512-0092","2025-12-19","IDR 402,600.00","The voucher is linked to a bank transaction, but its journal was posted to Cash on Hand or another account instead of the bank account.","Keep the record. An accountant should post a correcting/reclassification journal or formally reverse and repost it."
"JE2512-0107","2025-12-19","USD 1.00","The voucher is linked to a bank transaction, but its journal was posted to Cash on Hand or another account instead of the bank account.","Keep the record. An accountant should post a correcting/reclassification journal or formally reverse and repost it."
"JE2512-0105","2025-12-19","IDR 810,000.00","The voucher is linked to a bank transaction, but its journal was posted to Cash on Hand or another account instead of the bank account.","Keep the record. An accountant should post a correcting/reclassification journal or formally reverse and repost it."
"JE2512-0106","2025-12-19","IDR 2,500.00","The voucher is linked to a bank transaction, but its journal was posted to Cash on Hand or another account instead of the bank account.","Keep the record. An accountant should post a correcting/reclassification journal or formally reverse and repost it."
"JE2512-0112","2025-12-23","IDR 683,633.00","The voucher is linked to a bank transaction, but its journal was posted to Cash on Hand or another account instead of the bank account.","Keep the record. An accountant should post a correcting/reclassification journal or formally reverse and repost it."
"JE2512-0111","2025-12-23","IDR 835,000.00","The voucher is linked to a bank transaction, but its journal was posted to Cash on Hand or another account instead of the bank account.","Keep the record. An accountant should post a correcting/reclassification journal or formally reverse and repost it."
"JE2512-0110","2025-12-23","IDR 7,845,000.00","The voucher is linked to a bank transaction, but its journal was posted to Cash on Hand or another account instead of the bank account.","Keep the record. An accountant should post a correcting/reclassification journal or formally reverse and repost it."
"JE2512-0116","2025-12-29","IDR 280,000.00","The voucher is linked to a bank transaction, but its journal was posted to Cash on Hand or another account instead of the bank account.","Keep the record. An accountant should post a correcting/reclassification journal or formally reverse and repost it."
"JE2512-0120","2025-12-30","IDR 3,800,000.00","The voucher is linked to a bank transaction, but its journal was posted to Cash on Hand or another account instead of the bank account.","Keep the record. An accountant should post a correcting/reclassification journal or formally reverse and repost it."
"JE2512-0125","2025-12-30","IDR 3,000,000.00","The voucher is linked to a bank transaction, but its journal was posted to Cash on Hand or another account instead of the bank account.","Keep the record. An accountant should post a correcting/reclassification journal or formally reverse and repost it."
"JE2512-0117","2025-12-30","IDR 4,500,000.00","The voucher is linked to a bank transaction, but its journal was posted to Cash on Hand or another account instead of the bank account.","Keep the record. An accountant should post a correcting/reclassification journal or formally reverse and repost it."
"JE2512-0118","2025-12-30","IDR 370,000.00","The voucher is linked to a bank transaction, but its journal was posted to Cash on Hand or another account instead of the bank account.","Keep the record. An accountant should post a correcting/reclassification journal or formally reverse and repost it."
"JE2512-0126","2025-12-30","IDR 5,000,000.00","The voucher is linked to a bank transaction, but its journal was posted to Cash on Hand or another account instead of the bank account.","Keep the record. An accountant should post a correcting/reclassification journal or formally reverse and repost it."
"JE2512-0121","2025-12-30","IDR 3,000,000.00","The voucher is linked to a bank transaction, but its journal was posted to Cash on Hand or another account instead of the bank account.","Keep the record. An accountant should post a correcting/reclassification journal or formally reverse and repost it."
"JE2512-0123","2025-12-30","IDR 3,500,000.00","The voucher is linked to a bank transaction, but its journal was posted to Cash on Hand or another account instead of the bank account.","Keep the record. An accountant should post a correcting/reclassification journal or formally reverse and repost it."
"JE2512-0137","2025-12-31","USD 5.00","The voucher is linked to a bank transaction, but its journal was posted to Cash on Hand or another account instead of the bank account.","Keep the record. An accountant should post a correcting/reclassification journal or formally reverse and repost it."
"JE2512-0135","2025-12-31","IDR 2,500,000.00","The voucher is linked to a bank transaction, but its journal was posted to Cash on Hand or another account instead of the bank account.","Keep the record. An accountant should post a correcting/reclassification journal or formally reverse and repost it."
"JE2512-0127","2025-12-31","IDR 425,000.00","The voucher is linked to a bank transaction, but its journal was posted to Cash on Hand or another account instead of the bank account.","Keep the record. An accountant should post a correcting/reclassification journal or formally reverse and repost it."
"JE2602-0125","2026-02-18","IDR 570,000.00","The voucher is linked to a bank transaction, but its journal was posted to Cash on Hand or another account instead of the bank account.","Keep the record. An accountant should post a correcting/reclassification journal or formally reverse and repost it."
"CC2603-0001","2026-03-04","USD 2,000.00","Legacy USD capital contribution has no authoritative historical exchange rate; accounting amounts were preserved unchanged","Authoritative USD-to-IDR rate and rate source for the contribution date"
"CC2606-0001","2026-06-11","USD 4,200.00","Legacy USD capital contribution has no authoritative historical exchange rate; accounting amounts were preserved unchanged","Authoritative USD-to-IDR rate and rate source for the contribution date"
"EXP/25/001","2025-01-02","IDR 7,366,500.00","The voucher is linked to a bank transaction, but its journal was posted to Cash on Hand or another account instead of the bank account.","Keep the record. An accountant should post a correcting/reclassification journal or formally reverse and repost it."
"EXP/25/002","2025-01-02","IDR 300,000.00","The voucher is linked to a bank transaction, but its journal was posted to Cash on Hand or another account instead of the bank account.","Keep the record. An accountant should post a correcting/reclassification journal or formally reverse and repost it."
"EXP/25/003","2025-01-13","IDR 8,000,000.00","The voucher is linked to a bank transaction, but its journal was posted to Cash on Hand or another account instead of the bank account.","Keep the record. An accountant should post a correcting/reclassification journal or formally reverse and repost it."
"EXP/25/004","2025-01-14","IDR 7,000,000.00","The voucher is linked to a bank transaction, but its journal was posted to Cash on Hand or another account instead of the bank account.","Keep the record. An accountant should post a correcting/reclassification journal or formally reverse and repost it."
"EXP/25/005","2025-01-31","USD 5.00","The voucher is linked to a bank transaction, but its journal was posted to Cash on Hand or another account instead of the bank account.; The transaction is confirmed as USD, but the original transaction-date exchange rate is missing.; Required currency, payment method, or bank details cannot be confirmed from the historical records.","Keep the record. An accountant should post a correcting/reclassification journal or formally reverse and repost it.; Check the original bank statement or supporting document and enter the actual transaction-date exchange rate.; Review the original voucher and bank statement, then enter the confirmed currency, payment method, and bank account."
"EXP/25/006","2025-01-31","IDR 30,000.00","The voucher is linked to a bank transaction, but its journal was posted to Cash on Hand or another account instead of the bank account.","Keep the record. An accountant should post a correcting/reclassification journal or formally reverse and repost it."
"EXP/25/007","2025-02-03","IDR 3,500,000.00","The voucher is linked to a bank transaction, but its journal was posted to Cash on Hand or another account instead of the bank account.","Keep the record. An accountant should post a correcting/reclassification journal or formally reverse and repost it."
"EXP/25/008","2025-02-03","IDR 3,800,000.00","The voucher is linked to a bank transaction, but its journal was posted to Cash on Hand or another account instead of the bank account.","Keep the record. An accountant should post a correcting/reclassification journal or formally reverse and repost it."
"EXP/25/009","2025-02-03","IDR 8,000,000.00","The voucher is linked to a bank transaction, but its journal was posted to Cash on Hand or another account instead of the bank account.","Keep the record. An accountant should post a correcting/reclassification journal or formally reverse and repost it."
"EXP/25/010","2025-02-17","IDR 36,396,397.00","The voucher is linked to a bank transaction, but its journal was posted to Cash on Hand or another account instead of the bank account.","Keep the record. An accountant should post a correcting/reclassification journal or formally reverse and repost it."
"EXP/25/011","2025-02-21","IDR 558,394.00","The voucher is linked to a bank transaction, but its journal was posted to Cash on Hand or another account instead of the bank account.","Keep the record. An accountant should post a correcting/reclassification journal or formally reverse and repost it."
"EXP/25/012","2025-02-21","IDR 385,800.00","The voucher is linked to a bank transaction, but its journal was posted to Cash on Hand or another account instead of the bank account.","Keep the record. An accountant should post a correcting/reclassification journal or formally reverse and repost it."
"EXP/25/014","2025-02-26","IDR 11,935,000.00","The voucher is linked to a bank transaction, but its journal was posted to Cash on Hand or another account instead of the bank account.","Keep the record. An accountant should post a correcting/reclassification journal or formally reverse and repost it."
"EXP/25/015","2025-02-28","USD 5.00","The voucher is linked to a bank transaction, but its journal was posted to Cash on Hand or another account instead of the bank account.; The transaction is confirmed as USD, but the original transaction-date exchange rate is missing.; Required currency, payment method, or bank details cannot be confirmed from the historical records.","Keep the record. An accountant should post a correcting/reclassification journal or formally reverse and repost it.; Check the original bank statement or supporting document and enter the actual transaction-date exchange rate.; Review the original voucher and bank statement, then enter the confirmed currency, payment method, and bank account."
"EXP/25/016","2025-02-28","IDR 30,000.00","The voucher is linked to a bank transaction, but its journal was posted to Cash on Hand or another account instead of the bank account.","Keep the record. An accountant should post a correcting/reclassification journal or formally reverse and repost it."
"EXP/25/017","2025-03-03","IDR 4,500,000.00","The voucher is linked to a bank transaction, but its journal was posted to Cash on Hand or another account instead of the bank account.","Keep the record. An accountant should post a correcting/reclassification journal or formally reverse and repost it."
"EXP/25/018","2025-03-03","IDR 3,500,000.00","The voucher is linked to a bank transaction, but its journal was posted to Cash on Hand or another account instead of the bank account.","Keep the record. An accountant should post a correcting/reclassification journal or formally reverse and repost it."
"EXP/25/019","2025-03-03","IDR 3,800,000.00","The voucher is linked to a bank transaction, but its journal was posted to Cash on Hand or another account instead of the bank account.","Keep the record. An accountant should post a correcting/reclassification journal or formally reverse and repost it."
"EXP/25/020","2025-03-05","IDR 1,000,000.00","The voucher is linked to a bank transaction, but its journal was posted to Cash on Hand or another account instead of the bank account.","Keep the record. An accountant should post a correcting/reclassification journal or formally reverse and repost it."
"EXP/25/021","2025-03-13","IDR 350,915.00","The voucher is linked to a bank transaction, but its journal was posted to Cash on Hand or another account instead of the bank account.","Keep the record. An accountant should post a correcting/reclassification journal or formally reverse and repost it."
"EXP/25/022","2025-03-13","IDR 369,300.00","The voucher is linked to a bank transaction, but its journal was posted to Cash on Hand or another account instead of the bank account.","Keep the record. An accountant should post a correcting/reclassification journal or formally reverse and repost it."
"EXP/25/023","2025-03-13","IDR 500,000.00","The voucher is linked to a bank transaction, but its journal was posted to Cash on Hand or another account instead of the bank account.","Keep the record. An accountant should post a correcting/reclassification journal or formally reverse and repost it."
"EXP/25/024","2025-03-21","IDR 250,000.00","The voucher is linked to a bank transaction, but its journal was posted to Cash on Hand or another account instead of the bank account.","Keep the record. An accountant should post a correcting/reclassification journal or formally reverse and repost it."
"EXP/25/025","2025-03-21","IDR 110,000.00","The voucher is linked to a bank transaction, but its journal was posted to Cash on Hand or another account instead of the bank account.","Keep the record. An accountant should post a correcting/reclassification journal or formally reverse and repost it."
"EXP/25/026","2025-03-27","IDR 1,000,000.00","The voucher is linked to a bank transaction, but its journal was posted to Cash on Hand or another account instead of the bank account.","Keep the record. An accountant should post a correcting/reclassification journal or formally reverse and repost it."
"EXP/25/027","2025-03-27","IDR 4,500,000.00","The voucher is linked to a bank transaction, but its journal was posted to Cash on Hand or another account instead of the bank account.","Keep the record. An accountant should post a correcting/reclassification journal or formally reverse and repost it."
"EXP/25/028","2025-03-27","IDR 3,800,000.00","The voucher is linked to a bank transaction, but its journal was posted to Cash on Hand or another account instead of the bank account.","Keep the record. An accountant should post a correcting/reclassification journal or formally reverse and repost it."
"EXP/25/029","2025-03-27","IDR 3,500,000.00","The voucher is linked to a bank transaction, but its journal was posted to Cash on Hand or another account instead of the bank account.","Keep the record. An accountant should post a correcting/reclassification journal or formally reverse and repost it."
"EXP/25/030","2025-03-31","USD 5.00","The voucher is linked to a bank transaction, but its journal was posted to Cash on Hand or another account instead of the bank account.; The transaction is confirmed as USD, but the original transaction-date exchange rate is missing.; Required currency, payment method, or bank details cannot be confirmed from the historical records.","Keep the record. An accountant should post a correcting/reclassification journal or formally reverse and repost it.; Check the original bank statement or supporting document and enter the actual transaction-date exchange rate.; Review the original voucher and bank statement, then enter the confirmed currency, payment method, and bank account."
"EXP/25/031","2025-03-31","IDR 30,000.00","The voucher is linked to a bank transaction, but its journal was posted to Cash on Hand or another account instead of the bank account.","Keep the record. An accountant should post a correcting/reclassification journal or formally reverse and repost it."
"EXP/25/032","2025-04-09","IDR 7,000,000.00","The voucher is linked to a bank transaction, but its journal was posted to Cash on Hand or another account instead of the bank account.","Keep the record. An accountant should post a correcting/reclassification journal or formally reverse and repost it."
"EXP/25/033","2025-04-14","IDR 5,000,000.00","The voucher is linked to a bank transaction, but its journal was posted to Cash on Hand or another account instead of the bank account.","Keep the record. An accountant should post a correcting/reclassification journal or formally reverse and repost it."
"EXP/25/034","2025-04-15","IDR 5,000,000.00","The voucher is linked to a bank transaction, but its journal was posted to Cash on Hand or another account instead of the bank account.","Keep the record. An accountant should post a correcting/reclassification journal or formally reverse and repost it."
"EXP/25/035","2025-04-21","IDR 305,318.00","The voucher is linked to a bank transaction, but its journal was posted to Cash on Hand or another account instead of the bank account.","Keep the record. An accountant should post a correcting/reclassification journal or formally reverse and repost it."
"EXP/25/036","2025-04-21","IDR 385,800.00","The voucher is linked to a bank transaction, but its journal was posted to Cash on Hand or another account instead of the bank account.","Keep the record. An accountant should post a correcting/reclassification journal or formally reverse and repost it."
"EXP/25/037","2025-04-25","IDR 889,500.00","The voucher is linked to a bank transaction, but its journal was posted to Cash on Hand or another account instead of the bank account.","Keep the record. An accountant should post a correcting/reclassification journal or formally reverse and repost it."
"EXP/25/038","2025-04-30","USD 5.00","The voucher is linked to a bank transaction, but its journal was posted to Cash on Hand or another account instead of the bank account.; The transaction is confirmed as USD, but the original transaction-date exchange rate is missing.; Required currency, payment method, or bank details cannot be confirmed from the historical records.","Keep the record. An accountant should post a correcting/reclassification journal or formally reverse and repost it.; Check the original bank statement or supporting document and enter the actual transaction-date exchange rate.; Review the original voucher and bank statement, then enter the confirmed currency, payment method, and bank account."
"EXP/25/039","2025-04-30","IDR 30,000.00","The voucher is linked to a bank transaction, but its journal was posted to Cash on Hand or another account instead of the bank account.","Keep the record. An accountant should post a correcting/reclassification journal or formally reverse and repost it."
"EXP/25/040","2025-04-30","IDR 3,800,000.00","The voucher is linked to a bank transaction, but its journal was posted to Cash on Hand or another account instead of the bank account.","Keep the record. An accountant should post a correcting/reclassification journal or formally reverse and repost it."
"EXP/25/041","2025-04-30","IDR 1,000,000.00","The voucher is linked to a bank transaction, but its journal was posted to Cash on Hand or another account instead of the bank account.","Keep the record. An accountant should post a correcting/reclassification journal or formally reverse and repost it."
"EXP/25/042","2025-04-30","IDR 4,500,000.00","The voucher is linked to a bank transaction, but its journal was posted to Cash on Hand or another account instead of the bank account.","Keep the record. An accountant should post a correcting/reclassification journal or formally reverse and repost it."
"EXP/25/043","2025-04-30","IDR 3,500,000.00","The voucher is linked to a bank transaction, but its journal was posted to Cash on Hand or another account instead of the bank account.","Keep the record. An accountant should post a correcting/reclassification journal or formally reverse and repost it."
"EXP/25/044","2025-05-09","IDR 3,300,000.00","The voucher is linked to a bank transaction, but its journal was posted to Cash on Hand or another account instead of the bank account.","Keep the record. An accountant should post a correcting/reclassification journal or formally reverse and repost it."
"EXP/25/045","2025-05-19","IDR 6,600,000.00","The voucher is linked to a bank transaction, but its journal was posted to Cash on Hand or another account instead of the bank account.","Keep the record. An accountant should post a correcting/reclassification journal or formally reverse and repost it."
"EXP/25/046","2025-05-19","IDR 369,300.00","The voucher is linked to a bank transaction, but its journal was posted to Cash on Hand or another account instead of the bank account.","Keep the record. An accountant should post a correcting/reclassification journal or formally reverse and repost it."
"EXP/25/047","2025-05-19","IDR 552,355.00","The voucher is linked to a bank transaction, but its journal was posted to Cash on Hand or another account instead of the bank account.","Keep the record. An accountant should post a correcting/reclassification journal or formally reverse and repost it."
"EXP/25/048","2025-05-28","IDR 1,000,000.00","The voucher is linked to a bank transaction, but its journal was posted to Cash on Hand or another account instead of the bank account.","Keep the record. An accountant should post a correcting/reclassification journal or formally reverse and repost it."
"EXP/25/049","2025-05-28","IDR 4,500,000.00","The voucher is linked to a bank transaction, but its journal was posted to Cash on Hand or another account instead of the bank account.","Keep the record. An accountant should post a correcting/reclassification journal or formally reverse and repost it."
"EXP/25/050","2025-05-28","IDR 3,800,000.00","The voucher is linked to a bank transaction, but its journal was posted to Cash on Hand or another account instead of the bank account.","Keep the record. An accountant should post a correcting/reclassification journal or formally reverse and repost it."
"EXP/25/051","2025-05-28","IDR 3,000,000.00","The voucher is linked to a bank transaction, but its journal was posted to Cash on Hand or another account instead of the bank account.","Keep the record. An accountant should post a correcting/reclassification journal or formally reverse and repost it."
"EXP/25/052","2025-05-31","USD 5.00","The voucher is linked to a bank transaction, but its journal was posted to Cash on Hand or another account instead of the bank account.; The transaction is confirmed as USD, but the original transaction-date exchange rate is missing.; Required currency, payment method, or bank details cannot be confirmed from the historical records.","Keep the record. An accountant should post a correcting/reclassification journal or formally reverse and repost it.; Check the original bank statement or supporting document and enter the actual transaction-date exchange rate.; Review the original voucher and bank statement, then enter the confirmed currency, payment method, and bank account."
"EXP/25/053","2025-05-31","IDR 30,000.00","The voucher is linked to a bank transaction, but its journal was posted to Cash on Hand or another account instead of the bank account.","Keep the record. An accountant should post a correcting/reclassification journal or formally reverse and repost it."
"EXP/25/058","2025-06-21","IDR 8,000,000.00","The voucher is linked to a bank transaction, but its journal was posted to Cash on Hand or another account instead of the bank account.","Keep the record. An accountant should post a correcting/reclassification journal or formally reverse and repost it."
"EXP/25/071","2025-06-30","IDR 30,000.00","The voucher is linked to a bank transaction, but its journal was posted to Cash on Hand or another account instead of the bank account.","Keep the record. An accountant should post a correcting/reclassification journal or formally reverse and repost it."
"EXP/25/072","2025-06-30","USD 5.00","The voucher is linked to a bank transaction, but its journal was posted to Cash on Hand or another account instead of the bank account.; The transaction is confirmed as USD, but the original transaction-date exchange rate is missing.; Required currency, payment method, or bank details cannot be confirmed from the historical records.","Keep the record. An accountant should post a correcting/reclassification journal or formally reverse and repost it.; Check the original bank statement or supporting document and enter the actual transaction-date exchange rate.; Review the original voucher and bank statement, then enter the confirmed currency, payment method, and bank account."
"EXP/25/079","2025-07-31","IDR 3,500,000.00","The voucher is linked to a bank transaction, but its journal was posted to Cash on Hand or another account instead of the bank account.","Keep the record. An accountant should post a correcting/reclassification journal or formally reverse and repost it."
"EXP/25/084","2025-07-31","IDR 30,000.00","The voucher is linked to a bank transaction, but its journal was posted to Cash on Hand or another account instead of the bank account.","Keep the record. An accountant should post a correcting/reclassification journal or formally reverse and repost it."
"EXP/25/085","2025-07-31","IDR 623,000.00","The voucher is linked to a bank transaction, but its journal was posted to Cash on Hand or another account instead of the bank account.","Keep the record. An accountant should post a correcting/reclassification journal or formally reverse and repost it."
"EXP/25/086","2025-07-31","USD 5.00","The voucher is linked to a bank transaction, but its journal was posted to Cash on Hand or another account instead of the bank account.; The transaction is confirmed as USD, but the original transaction-date exchange rate is missing.; Required currency, payment method, or bank details cannot be confirmed from the historical records.","Keep the record. An accountant should post a correcting/reclassification journal or formally reverse and repost it.; Check the original bank statement or supporting document and enter the actual transaction-date exchange rate.; Review the original voucher and bank statement, then enter the confirmed currency, payment method, and bank account."
"EXP/25/087","2025-08-01","IDR 75,000.00","The voucher is linked to a bank transaction, but its journal was posted to Cash on Hand or another account instead of the bank account.","Keep the record. An accountant should post a correcting/reclassification journal or formally reverse and repost it."
"EXP/25/088","2025-08-16","IDR 8,000,000.00","The voucher is linked to a bank transaction, but its journal was posted to Cash on Hand or another account instead of the bank account.","Keep the record. An accountant should post a correcting/reclassification journal or formally reverse and repost it."
"EXP/25/091","2025-08-19","IDR 5,000,000.00","The voucher is linked to a bank transaction, but its journal was posted to Cash on Hand or another account instead of the bank account.","Keep the record. An accountant should post a correcting/reclassification journal or formally reverse and repost it."
"EXP/25/092","2025-08-21","IDR 812,000.00","The voucher is linked to a bank transaction, but its journal was posted to Cash on Hand or another account instead of the bank account.","Keep the record. An accountant should post a correcting/reclassification journal or formally reverse and repost it."
"EXP/25/093","2025-08-27","IDR 5,000,000.00","The voucher is linked to a bank transaction, but its journal was posted to Cash on Hand or another account instead of the bank account.","Keep the record. An accountant should post a correcting/reclassification journal or formally reverse and repost it."
"EXP/25/101","2025-08-31","USD 5.00","The voucher is linked to a bank transaction, but its journal was posted to Cash on Hand or another account instead of the bank account.; The transaction is confirmed as USD, but the original transaction-date exchange rate is missing.; Required currency, payment method, or bank details cannot be confirmed from the historical records.","Keep the record. An accountant should post a correcting/reclassification journal or formally reverse and repost it.; Check the original bank statement or supporting document and enter the actual transaction-date exchange rate.; Review the original voucher and bank statement, then enter the confirmed currency, payment method, and bank account."
"EXP/25/102","2025-08-31","IDR 30,000.00","The voucher is linked to a bank transaction, but its journal was posted to Cash on Hand or another account instead of the bank account.","Keep the record. An accountant should post a correcting/reclassification journal or formally reverse and repost it."
"EXP/25/107","2025-09-11","IDR 2,500.00","The voucher is linked to a bank transaction, but its journal was posted to Cash on Hand or another account instead of the bank account.","Keep the record. An accountant should post a correcting/reclassification journal or formally reverse and repost it."
"EXP/25/108","2025-09-11","IDR 145,000,000.00","The voucher is linked to a bank transaction, but its journal was posted to Cash on Hand or another account instead of the bank account.","Keep the record. An accountant should post a correcting/reclassification journal or formally reverse and repost it."
"EXP/25/110","2025-09-13","IDR 5,000,000.00","The voucher is linked to a bank transaction, but its journal was posted to Cash on Hand or another account instead of the bank account.","Keep the record. An accountant should post a correcting/reclassification journal or formally reverse and repost it."
"EXP/25/112","2025-09-15","IDR 369,300.00","The voucher is linked to a bank transaction, but its journal was posted to Cash on Hand or another account instead of the bank account.","Keep the record. An accountant should post a correcting/reclassification journal or formally reverse and repost it."
"EXP/25/115","2025-09-15","IDR 150,000.00","The voucher is linked to a bank transaction, but its journal was posted to Cash on Hand or another account instead of the bank account.","Keep the record. An accountant should post a correcting/reclassification journal or formally reverse and repost it."
"EXP/25/116","2025-09-16","IDR 170,811.00","The voucher is linked to a bank transaction, but its journal was posted to Cash on Hand or another account instead of the bank account.","Keep the record. An accountant should post a correcting/reclassification journal or formally reverse and repost it."
"EXP/25/117","2025-09-17","IDR 1,000,000.00","The voucher is linked to a bank transaction, but its journal was posted to Cash on Hand or another account instead of the bank account.","Keep the record. An accountant should post a correcting/reclassification journal or formally reverse and repost it."
"EXP/25/120","2025-09-23","IDR 50,000.00","The voucher is linked to a bank transaction, but its journal was posted to Cash on Hand or another account instead of the bank account.","Keep the record. An accountant should post a correcting/reclassification journal or formally reverse and repost it."
"EXP/25-25/001","2025-09-30","USD 5.00","The transaction is confirmed as USD, but the original transaction-date exchange rate is missing.; Required currency, payment method, or bank details cannot be confirmed from the historical records.","Check the original bank statement or supporting document and enter the actual transaction-date exchange rate.; Review the original voucher and bank statement, then enter the confirmed currency, payment method, and bank account."
"EXP/25/122","2025-09-30","IDR 1,000,000.00","The voucher is linked to a bank transaction, but its journal was posted to Cash on Hand or another account instead of the bank account.","Keep the record. An accountant should post a correcting/reclassification journal or formally reverse and repost it."
"EXP/25/126","2025-09-30","IDR 30,000.00","The voucher is linked to a bank transaction, but its journal was posted to Cash on Hand or another account instead of the bank account.","Keep the record. An accountant should post a correcting/reclassification journal or formally reverse and repost it."
"EXP/25/127","2025-09-30","USD 5.00","The voucher is linked to a bank transaction, but its journal was posted to Cash on Hand or another account instead of the bank account.; The transaction is confirmed as USD, but the original transaction-date exchange rate is missing.; Required currency, payment method, or bank details cannot be confirmed from the historical records.","Keep the record. An accountant should post a correcting/reclassification journal or formally reverse and repost it.; Check the original bank statement or supporting document and enter the actual transaction-date exchange rate.; Review the original voucher and bank statement, then enter the confirmed currency, payment method, and bank account."
"EXP/25/128","2025-10-01","IDR 413,000.00","The voucher is linked to a bank transaction, but its journal was posted to Cash on Hand or another account instead of the bank account.","Keep the record. An accountant should post a correcting/reclassification journal or formally reverse and repost it."
"EXP/25/130","2025-10-01","IDR 776,500.00","The voucher is linked to a bank transaction, but its journal was posted to Cash on Hand or another account instead of the bank account.","Keep the record. An accountant should post a correcting/reclassification journal or formally reverse and repost it."
"EXP/25/131","2025-10-01","IDR 4,500,000.00","The voucher is linked to a bank transaction, but its journal was posted to Cash on Hand or another account instead of the bank account.","Keep the record. An accountant should post a correcting/reclassification journal or formally reverse and repost it."
"EXP/25/132","2025-10-07","IDR 1,000,000.00","The voucher is linked to a bank transaction, but its journal was posted to Cash on Hand or another account instead of the bank account.","Keep the record. An accountant should post a correcting/reclassification journal or formally reverse and repost it."
"EXP/25/134","2025-10-09","IDR 275,000.00","The voucher is linked to a bank transaction, but its journal was posted to Cash on Hand or another account instead of the bank account.","Keep the record. An accountant should post a correcting/reclassification journal or formally reverse and repost it."
"EXP/25/137","2025-10-10","IDR 240,000.00","The voucher is linked to a bank transaction, but its journal was posted to Cash on Hand or another account instead of the bank account.","Keep the record. An accountant should post a correcting/reclassification journal or formally reverse and repost it."
"EXP/25/138","2025-10-10","IDR 2,500.00","The voucher is linked to a bank transaction, but its journal was posted to Cash on Hand or another account instead of the bank account.","Keep the record. An accountant should post a correcting/reclassification journal or formally reverse and repost it."
"EXP/25/140","2025-10-13","IDR 165,000.00","The voucher is linked to a bank transaction, but its journal was posted to Cash on Hand or another account instead of the bank account.","Keep the record. An accountant should post a correcting/reclassification journal or formally reverse and repost it."
"EXP/25/142","2025-10-14","IDR 2,500.00","The voucher is linked to a bank transaction, but its journal was posted to Cash on Hand or another account instead of the bank account.","Keep the record. An accountant should post a correcting/reclassification journal or formally reverse and repost it."
"EXP/25/144","2025-10-17","IDR 145,000,000.00","The voucher is linked to a bank transaction, but its journal was posted to Cash on Hand or another account instead of the bank account.","Keep the record. An accountant should post a correcting/reclassification journal or formally reverse and repost it."
"EXP/25/145","2025-10-17","IDR 380,000.00","The voucher is linked to a bank transaction, but its journal was posted to Cash on Hand or another account instead of the bank account.","Keep the record. An accountant should post a correcting/reclassification journal or formally reverse and repost it."
"EXP/25/146","2025-10-17","IDR 2,500.00","The voucher is linked to a bank transaction, but its journal was posted to Cash on Hand or another account instead of the bank account.","Keep the record. An accountant should post a correcting/reclassification journal or formally reverse and repost it."
"EXP/25/147","2025-10-20","IDR 369,300.00","The voucher is linked to a bank transaction, but its journal was posted to Cash on Hand or another account instead of the bank account.","Keep the record. An accountant should post a correcting/reclassification journal or formally reverse and repost it."
"EXP/25/148","2025-10-20","IDR 200,633.00","The voucher is linked to a bank transaction, but its journal was posted to Cash on Hand or another account instead of the bank account.","Keep the record. An accountant should post a correcting/reclassification journal or formally reverse and repost it."
"EXP/25/149","2025-10-20","IDR 776,500.00","The voucher is linked to a bank transaction, but its journal was posted to Cash on Hand or another account instead of the bank account.","Keep the record. An accountant should post a correcting/reclassification journal or formally reverse and repost it."
"EXP/25/150","2025-10-21","IDR 12,000,000.00","The voucher is linked to a bank transaction, but its journal was posted to Cash on Hand or another account instead of the bank account.","Keep the record. An accountant should post a correcting/reclassification journal or formally reverse and repost it."
"EXP/25/151","2025-10-21","IDR 196,000.00","The voucher is linked to a bank transaction, but its journal was posted to Cash on Hand or another account instead of the bank account.","Keep the record. An accountant should post a correcting/reclassification journal or formally reverse and repost it."
"EXP/25/152","2025-10-21","IDR 180,000.00","The voucher is linked to a bank transaction, but its journal was posted to Cash on Hand or another account instead of the bank account.","Keep the record. An accountant should post a correcting/reclassification journal or formally reverse and repost it."
"EXP/25/153","2025-10-21","IDR 2,500.00","The voucher is linked to a bank transaction, but its journal was posted to Cash on Hand or another account instead of the bank account.","Keep the record. An accountant should post a correcting/reclassification journal or formally reverse and repost it."
"EXP/25/154","2025-10-23","IDR 680,000.00","The voucher is linked to a bank transaction, but its journal was posted to Cash on Hand or another account instead of the bank account.","Keep the record. An accountant should post a correcting/reclassification journal or formally reverse and repost it."
"EXP/25/155","2025-10-24","IDR 4,000,000.00","The voucher is linked to a bank transaction, but its journal was posted to Cash on Hand or another account instead of the bank account.","Keep the record. An accountant should post a correcting/reclassification journal or formally reverse and repost it."
"EXP/25/156","2025-10-24","IDR 285,000.00","The voucher is linked to a bank transaction, but its journal was posted to Cash on Hand or another account instead of the bank account.","Keep the record. An accountant should post a correcting/reclassification journal or formally reverse and repost it."
"EXP/25/157","2025-10-25","IDR 180,000.00","The voucher is linked to a bank transaction, but its journal was posted to Cash on Hand or another account instead of the bank account.","Keep the record. An accountant should post a correcting/reclassification journal or formally reverse and repost it."
"EXP/25/158","2025-10-27","IDR 145,000.00","The voucher is linked to a bank transaction, but its journal was posted to Cash on Hand or another account instead of the bank account.","Keep the record. An accountant should post a correcting/reclassification journal or formally reverse and repost it."
"EXP/25/159","2025-10-27","IDR 600,000.00","The voucher is linked to a bank transaction, but its journal was posted to Cash on Hand or another account instead of the bank account.","Keep the record. An accountant should post a correcting/reclassification journal or formally reverse and repost it."
"EXP/25/161","2025-10-29","IDR 50,000.00","The voucher is linked to a bank transaction, but its journal was posted to Cash on Hand or another account instead of the bank account.","Keep the record. An accountant should post a correcting/reclassification journal or formally reverse and repost it."
"EXP/25/162","2025-10-29","IDR 50,000.00","The voucher is linked to a bank transaction, but its journal was posted to Cash on Hand or another account instead of the bank account.","Keep the record. An accountant should post a correcting/reclassification journal or formally reverse and repost it."
"EXP/25/163","2025-10-29","IDR 50,000.00","The voucher is linked to a bank transaction, but its journal was posted to Cash on Hand or another account instead of the bank account.","Keep the record. An accountant should post a correcting/reclassification journal or formally reverse and repost it."
"EXP/25/164","2025-10-29","IDR 50,000.00","The voucher is linked to a bank transaction, but its journal was posted to Cash on Hand or another account instead of the bank account.","Keep the record. An accountant should post a correcting/reclassification journal or formally reverse and repost it."
"EXP/25/165","2025-10-29","IDR 50,000.00","The voucher is linked to a bank transaction, but its journal was posted to Cash on Hand or another account instead of the bank account.","Keep the record. An accountant should post a correcting/reclassification journal or formally reverse and repost it."
"EXP/25/166","2025-10-29","IDR 50,000.00","The voucher is linked to a bank transaction, but its journal was posted to Cash on Hand or another account instead of the bank account.","Keep the record. An accountant should post a correcting/reclassification journal or formally reverse and repost it."
"EXP/25/167","2025-10-29","IDR 50,000.00","The voucher is linked to a bank transaction, but its journal was posted to Cash on Hand or another account instead of the bank account.","Keep the record. An accountant should post a correcting/reclassification journal or formally reverse and repost it."
"EXP/25/169","2025-10-29","IDR 137,000.00","The voucher is linked to a bank transaction, but its journal was posted to Cash on Hand or another account instead of the bank account.","Keep the record. An accountant should post a correcting/reclassification journal or formally reverse and repost it."
"EXP/25-25/002","2025-10-31","USD 5.00","The transaction is confirmed as USD, but the original transaction-date exchange rate is missing.; Required currency, payment method, or bank details cannot be confirmed from the historical records.","Check the original bank statement or supporting document and enter the actual transaction-date exchange rate.; Review the original voucher and bank statement, then enter the confirmed currency, payment method, and bank account."
"EXP/25/170","2025-10-31","IDR 50,000.00","The voucher is linked to a bank transaction, but its journal was posted to Cash on Hand or another account instead of the bank account.","Keep the record. An accountant should post a correcting/reclassification journal or formally reverse and repost it."
"EXP/25/171","2025-10-31","IDR 50,000.00","The voucher is linked to a bank transaction, but its journal was posted to Cash on Hand or another account instead of the bank account.","Keep the record. An accountant should post a correcting/reclassification journal or formally reverse and repost it."
"EXP/25/172","2025-10-31","IDR 50,000.00","The voucher is linked to a bank transaction, but its journal was posted to Cash on Hand or another account instead of the bank account.","Keep the record. An accountant should post a correcting/reclassification journal or formally reverse and repost it."
"EXP/25/173","2025-10-31","IDR 50,000.00","The voucher is linked to a bank transaction, but its journal was posted to Cash on Hand or another account instead of the bank account.","Keep the record. An accountant should post a correcting/reclassification journal or formally reverse and repost it."
"EXP/25/181","2025-10-31","IDR 30,000.00","The voucher is linked to a bank transaction, but its journal was posted to Cash on Hand or another account instead of the bank account.","Keep the record. An accountant should post a correcting/reclassification journal or formally reverse and repost it."
"EXP/25/182","2025-10-31","USD 5.00","The voucher is linked to a bank transaction, but its journal was posted to Cash on Hand or another account instead of the bank account.; The transaction is confirmed as USD, but the original transaction-date exchange rate is missing.; Required currency, payment method, or bank details cannot be confirmed from the historical records.","Keep the record. An accountant should post a correcting/reclassification journal or formally reverse and repost it.; Check the original bank statement or supporting document and enter the actual transaction-date exchange rate.; Review the original voucher and bank statement, then enter the confirmed currency, payment method, and bank account."
"EXP/25/189","2025-11-04","IDR 369,300.00","The voucher is linked to a bank transaction, but its journal was posted to Cash on Hand or another account instead of the bank account.","Keep the record. An accountant should post a correcting/reclassification journal or formally reverse and repost it."
"EXP/25/198","2025-11-06","IDR 212,000.00","The voucher is linked to a bank transaction, but its journal was posted to Cash on Hand or another account instead of the bank account.","Keep the record. An accountant should post a correcting/reclassification journal or formally reverse and repost it."
"EXP/25/215","2025-11-12","IDR 195,000.00","The voucher is linked to a bank transaction, but its journal was posted to Cash on Hand or another account instead of the bank account.","Keep the record. An accountant should post a correcting/reclassification journal or formally reverse and repost it."
"EXP/25/218","2025-11-13","IDR 2,500.00","The voucher is linked to a bank transaction, but its journal was posted to Cash on Hand or another account instead of the bank account.","Keep the record. An accountant should post a correcting/reclassification journal or formally reverse and repost it."
"EXP/25/223","2025-11-19","IDR 139,671.00","The voucher is linked to a bank transaction, but its journal was posted to Cash on Hand or another account instead of the bank account.","Keep the record. An accountant should post a correcting/reclassification journal or formally reverse and repost it."
"EXP/25/224","2025-11-19","IDR 213,543.00","The voucher is linked to a bank transaction, but its journal was posted to Cash on Hand or another account instead of the bank account.","Keep the record. An accountant should post a correcting/reclassification journal or formally reverse and repost it."
"EXP/25/225","2025-11-19","IDR 704,990.00","The voucher is linked to a bank transaction, but its journal was posted to Cash on Hand or another account instead of the bank account.","Keep the record. An accountant should post a correcting/reclassification journal or formally reverse and repost it."
"EXP/25/236","2025-11-24","IDR 83,400.00","The voucher is linked to a bank transaction, but its journal was posted to Cash on Hand or another account instead of the bank account.","Keep the record. An accountant should post a correcting/reclassification journal or formally reverse and repost it."
"EXP/25/242","2025-11-25","IDR 3,300,000.00","The voucher is linked to a bank transaction, but its journal was posted to Cash on Hand or another account instead of the bank account.","Keep the record. An accountant should post a correcting/reclassification journal or formally reverse and repost it."
"EXP/25/243","2025-11-25","IDR 105,500.00","The voucher is linked to a bank transaction, but its journal was posted to Cash on Hand or another account instead of the bank account.","Keep the record. An accountant should post a correcting/reclassification journal or formally reverse and repost it."
"EXP/25/247","2025-11-28","IDR 5,000,000.00","The voucher is linked to a bank transaction, but its journal was posted to Cash on Hand or another account instead of the bank account.","Keep the record. An accountant should post a correcting/reclassification journal or formally reverse and repost it."
"EXP/25-25/003","2025-11-30","USD 5.00","The transaction is confirmed as USD, but the original transaction-date exchange rate is missing.; Required currency, payment method, or bank details cannot be confirmed from the historical records.","Check the original bank statement or supporting document and enter the actual transaction-date exchange rate.; Review the original voucher and bank statement, then enter the confirmed currency, payment method, and bank account."
"EXP/25/252","2025-11-30","IDR 30,000.00","The voucher is linked to a bank transaction, but its journal was posted to Cash on Hand or another account instead of the bank account.","Keep the record. An accountant should post a correcting/reclassification journal or formally reverse and repost it."
"EXP/25/253","2025-11-30","USD 5.00","The voucher is linked to a bank transaction, but its journal was posted to Cash on Hand or another account instead of the bank account.; The transaction is confirmed as USD, but the original transaction-date exchange rate is missing.; Required currency, payment method, or bank details cannot be confirmed from the historical records.","Keep the record. An accountant should post a correcting/reclassification journal or formally reverse and repost it.; Check the original bank statement or supporting document and enter the actual transaction-date exchange rate.; Review the original voucher and bank statement, then enter the confirmed currency, payment method, and bank account."
"EXP/25/256","2025-12-01","IDR 3,800,000.00","The voucher is linked to a bank transaction, but its journal was posted to Cash on Hand or another account instead of the bank account.","Keep the record. An accountant should post a correcting/reclassification journal or formally reverse and repost it."
"EXP/25/257","2025-12-01","IDR 1,285,000.00","The voucher is linked to a bank transaction, but its journal was posted to Cash on Hand or another account instead of the bank account.","Keep the record. An accountant should post a correcting/reclassification journal or formally reverse and repost it."
"EXP/25/258","2025-12-01","IDR 3,000,000.00","The voucher is linked to a bank transaction, but its journal was posted to Cash on Hand or another account instead of the bank account.","Keep the record. An accountant should post a correcting/reclassification journal or formally reverse and repost it."
"EXP/25/259","2025-12-01","IDR 3,000,000.00","The voucher is linked to a bank transaction, but its journal was posted to Cash on Hand or another account instead of the bank account.","Keep the record. An accountant should post a correcting/reclassification journal or formally reverse and repost it."
"EXP/25/260","2025-12-01","IDR 2,500.00","The voucher is linked to a bank transaction, but its journal was posted to Cash on Hand or another account instead of the bank account.","Keep the record. An accountant should post a correcting/reclassification journal or formally reverse and repost it."
"EXP/25/264","2025-12-02","IDR 150,000.00","The voucher is linked to a bank transaction, but its journal was posted to Cash on Hand or another account instead of the bank account.","Keep the record. An accountant should post a correcting/reclassification journal or formally reverse and repost it."
"EXP/25/267","2025-12-04","IDR 250,000.00","The voucher is linked to a bank transaction, but its journal was posted to Cash on Hand or another account instead of the bank account.","Keep the record. An accountant should post a correcting/reclassification journal or formally reverse and repost it."
"EXP/25/268","2025-12-08","IDR 55,000.00","The voucher is linked to a bank transaction, but its journal was posted to Cash on Hand or another account instead of the bank account.","Keep the record. An accountant should post a correcting/reclassification journal or formally reverse and repost it."
"EXP/25/269","2025-12-08","IDR 20,000,000.00","The voucher is linked to a bank transaction, but its journal was posted to Cash on Hand or another account instead of the bank account.","Keep the record. An accountant should post a correcting/reclassification journal or formally reverse and repost it."
"EXP/25/270","2025-12-08","IDR 2,500.00","The voucher is linked to a bank transaction, but its journal was posted to Cash on Hand or another account instead of the bank account.","Keep the record. An accountant should post a correcting/reclassification journal or formally reverse and repost it."
"EXP/25/271","2025-12-08","IDR 2,500.00","The voucher is linked to a bank transaction, but its journal was posted to Cash on Hand or another account instead of the bank account.","Keep the record. An accountant should post a correcting/reclassification journal or formally reverse and repost it."
"EXP/25/272","2025-12-08","IDR 600,000.00","The voucher is linked to a bank transaction, but its journal was posted to Cash on Hand or another account instead of the bank account.","Keep the record. An accountant should post a correcting/reclassification journal or formally reverse and repost it."
"EXP/25/276","2025-12-15","IDR 402,600.00","The voucher is linked to a bank transaction, but its journal was posted to Cash on Hand or another account instead of the bank account.","Keep the record. An accountant should post a correcting/reclassification journal or formally reverse and repost it."
"EXP/25/278","2025-12-15","IDR 1,250,000.00","The voucher is linked to a bank transaction, but its journal was posted to Cash on Hand or another account instead of the bank account.","Keep the record. An accountant should post a correcting/reclassification journal or formally reverse and repost it."
"EXP/25/280","2025-12-15","IDR 465,280.00","The voucher is linked to a bank transaction, but its journal was posted to Cash on Hand or another account instead of the bank account.","Keep the record. An accountant should post a correcting/reclassification journal or formally reverse and repost it."
"EXP/25/281","2025-12-15","IDR 375,000.00","The voucher is linked to a bank transaction, but its journal was posted to Cash on Hand or another account instead of the bank account.","Keep the record. An accountant should post a correcting/reclassification journal or formally reverse and repost it."
"EXP/25/283","2025-12-16","IDR 391,000.00","The voucher is linked to a bank transaction, but its journal was posted to Cash on Hand or another account instead of the bank account.","Keep the record. An accountant should post a correcting/reclassification journal or formally reverse and repost it."
"EXP/25/284","2025-12-16","IDR 50,000.00","The voucher is linked to a bank transaction, but its journal was posted to Cash on Hand or another account instead of the bank account.","Keep the record. An accountant should post a correcting/reclassification journal or formally reverse and repost it."
"EXP/25/289","2025-12-19","IDR 810,000.00","The voucher is linked to a bank transaction, but its journal was posted to Cash on Hand or another account instead of the bank account.","Keep the record. An accountant should post a correcting/reclassification journal or formally reverse and repost it."
"EXP/25/290","2025-12-19","IDR 2,500.00","The voucher is linked to a bank transaction, but its journal was posted to Cash on Hand or another account instead of the bank account.","Keep the record. An accountant should post a correcting/reclassification journal or formally reverse and repost it."
"EXP/25/291","2025-12-19","USD 1.00","The voucher is linked to a bank transaction, but its journal was posted to Cash on Hand or another account instead of the bank account.; The transaction is confirmed as USD, but the original transaction-date exchange rate is missing.; Required currency, payment method, or bank details cannot be confirmed from the historical records.","Keep the record. An accountant should post a correcting/reclassification journal or formally reverse and repost it.; Check the original bank statement or supporting document and enter the actual transaction-date exchange rate.; Review the original voucher and bank statement, then enter the confirmed currency, payment method, and bank account."
"EXP/25/294","2025-12-23","IDR 7,845,000.00","The voucher is linked to a bank transaction, but its journal was posted to Cash on Hand or another account instead of the bank account.","Keep the record. An accountant should post a correcting/reclassification journal or formally reverse and repost it."
"EXP/25/295","2025-12-23","IDR 835,000.00","The voucher is linked to a bank transaction, but its journal was posted to Cash on Hand or another account instead of the bank account.","Keep the record. An accountant should post a correcting/reclassification journal or formally reverse and repost it."
"EXP/25/296","2025-12-23","IDR 683,633.00","The voucher is linked to a bank transaction, but its journal was posted to Cash on Hand or another account instead of the bank account.","Keep the record. An accountant should post a correcting/reclassification journal or formally reverse and repost it."
"EXP/25/300","2025-12-29","IDR 280,000.00","The voucher is linked to a bank transaction, but its journal was posted to Cash on Hand or another account instead of the bank account.","Keep the record. An accountant should post a correcting/reclassification journal or formally reverse and repost it."
"EXP/25/301","2025-12-30","IDR 4,500,000.00","The voucher is linked to a bank transaction, but its journal was posted to Cash on Hand or another account instead of the bank account.","Keep the record. An accountant should post a correcting/reclassification journal or formally reverse and repost it."
"EXP/25/302","2025-12-30","IDR 370,000.00","The voucher is linked to a bank transaction, but its journal was posted to Cash on Hand or another account instead of the bank account.","Keep the record. An accountant should post a correcting/reclassification journal or formally reverse and repost it."
"EXP/25/303","2025-12-31","IDR 3,500,000.00","The voucher is linked to a bank transaction, but its journal was posted to Cash on Hand or another account instead of the bank account.","Keep the record. An accountant should post a correcting/reclassification journal or formally reverse and repost it."
"EXP/25/304","2025-12-31","IDR 3,000,000.00","The voucher is linked to a bank transaction, but its journal was posted to Cash on Hand or another account instead of the bank account.","Keep the record. An accountant should post a correcting/reclassification journal or formally reverse and repost it."
"EXP/25/306","2025-12-31","IDR 3,800,000.00","The voucher is linked to a bank transaction, but its journal was posted to Cash on Hand or another account instead of the bank account.","Keep the record. An accountant should post a correcting/reclassification journal or formally reverse and repost it."
"EXP/25/307","2025-12-31","IDR 5,000,000.00","The voucher is linked to a bank transaction, but its journal was posted to Cash on Hand or another account instead of the bank account.","Keep the record. An accountant should post a correcting/reclassification journal or formally reverse and repost it."
"EXP/25/308","2025-12-31","IDR 3,000,000.00","The voucher is linked to a bank transaction, but its journal was posted to Cash on Hand or another account instead of the bank account.","Keep the record. An accountant should post a correcting/reclassification journal or formally reverse and repost it."
"EXP/25/310","2025-12-31","IDR 425,000.00","The voucher is linked to a bank transaction, but its journal was posted to Cash on Hand or another account instead of the bank account.","Keep the record. An accountant should post a correcting/reclassification journal or formally reverse and repost it."
"EXP/25/312","2025-12-31","USD 5.00","The voucher is linked to a bank transaction, but its journal was posted to Cash on Hand or another account instead of the bank account.; The transaction is confirmed as USD, but the original transaction-date exchange rate is missing.; Required currency, payment method, or bank details cannot be confirmed from the historical records.","Keep the record. An accountant should post a correcting/reclassification journal or formally reverse and repost it.; Check the original bank statement or supporting document and enter the actual transaction-date exchange rate.; Review the original voucher and bank statement, then enter the confirmed currency, payment method, and bank account."
"EXP/25/313","2025-12-31","IDR 2,500,000.00","The voucher is linked to a bank transaction, but its journal was posted to Cash on Hand or another account instead of the bank account.","Keep the record. An accountant should post a correcting/reclassification journal or formally reverse and repost it."
"EXP/26-26/076","2026-01-31","USD 5.00","The transaction is confirmed as USD, but the original transaction-date exchange rate is missing.; Required currency, payment method, or bank details cannot be confirmed from the historical records.","Check the original bank statement or supporting document and enter the actual transaction-date exchange rate.; Review the original voucher and bank statement, then enter the confirmed currency, payment method, and bank account."
"EXP/26-26/077","2026-01-31","USD 5.00","The transaction is confirmed as USD, but the original transaction-date exchange rate is missing.; Required currency, payment method, or bank details cannot be confirmed from the historical records.","Check the original bank statement or supporting document and enter the actual transaction-date exchange rate.; Review the original voucher and bank statement, then enter the confirmed currency, payment method, and bank account."
"EXP/26/090","2026-02-18","IDR 570,000.00","The voucher is linked to a bank transaction, but its journal was posted to Cash on Hand or another account instead of the bank account.","Keep the record. An accountant should post a correcting/reclassification journal or formally reverse and repost it."
"EXP/26-26/078","2026-02-28","USD 5.00","The transaction is confirmed as USD, but the original transaction-date exchange rate is missing.; Required currency, payment method, or bank details cannot be confirmed from the historical records.","Check the original bank statement or supporting document and enter the actual transaction-date exchange rate.; Review the original voucher and bank statement, then enter the confirmed currency, payment method, and bank account."
"EXP/26-26/079","2026-02-28","USD 5.00","The transaction is confirmed as USD, but the original transaction-date exchange rate is missing.; Required currency, payment method, or bank details cannot be confirmed from the historical records.","Check the original bank statement or supporting document and enter the actual transaction-date exchange rate.; Review the original voucher and bank statement, then enter the confirmed currency, payment method, and bank account."
"EXP/26-26/080","2026-03-31","USD 5.00","The transaction is confirmed as USD, but the original transaction-date exchange rate is missing.; Required currency, payment method, or bank details cannot be confirmed from the historical records.","Check the original bank statement or supporting document and enter the actual transaction-date exchange rate.; Review the original voucher and bank statement, then enter the confirmed currency, payment method, and bank account."
"EXP/26-26/081","2026-04-30","USD 5.00","The transaction is confirmed as USD, but the original transaction-date exchange rate is missing.; Required currency, payment method, or bank details cannot be confirmed from the historical records.","Check the original bank statement or supporting document and enter the actual transaction-date exchange rate.; Review the original voucher and bank statement, then enter the confirmed currency, payment method, and bank account."
"EXP/26-26/082","2026-05-31","USD 5.00","The transaction is confirmed as USD, but the original transaction-date exchange rate is missing.; Required currency, payment method, or bank details cannot be confirmed from the historical records.","Check the original bank statement or supporting document and enter the actual transaction-date exchange rate.; Review the original voucher and bank statement, then enter the confirmed currency, payment method, and bank account."
"EXP/26-26/083","2026-06-01","USD 5.00","The transaction is confirmed as USD, but the original transaction-date exchange rate is missing.; Required currency, payment method, or bank details cannot be confirmed from the historical records.","Check the original bank statement or supporting document and enter the actual transaction-date exchange rate.; Review the original voucher and bank statement, then enter the confirmed currency, payment method, and bank account."
"FT2601-0025","2025-01-02","IDR 480.00","The USD transfer used legacy currency posting logic; changing it directly would alter posted accounting history.","Keep the posted transfer. An accountant must decide whether to post a correcting entry or formally reverse and repost it."
"FT2601-0006","2025-02-03","IDR 1,000.00","The USD transfer used legacy currency posting logic; changing it directly would alter posted accounting history.","Keep the posted transfer. An accountant must decide whether to post a correcting entry or formally reverse and repost it."
"FT2601-0007","2025-02-26","IDR 1,000.00","The USD transfer used legacy currency posting logic; changing it directly would alter posted accounting history.","Keep the posted transfer. An accountant must decide whether to post a correcting entry or formally reverse and repost it."
"FT2601-0023","2025-03-03","IDR 600.00","The USD transfer used legacy currency posting logic; changing it directly would alter posted accounting history.","Keep the posted transfer. An accountant must decide whether to post a correcting entry or formally reverse and repost it."
"FT2601-0022","2025-03-13","IDR 100.00","The USD transfer used legacy currency posting logic; changing it directly would alter posted accounting history.","Keep the posted transfer. An accountant must decide whether to post a correcting entry or formally reverse and repost it."
"FT2601-0021","2025-03-21","IDR 850.00","The USD transfer used legacy currency posting logic; changing it directly would alter posted accounting history.","Keep the posted transfer. An accountant must decide whether to post a correcting entry or formally reverse and repost it."
"FT2601-0008","2025-04-09","IDR 500.00","The USD transfer used legacy currency posting logic; changing it directly would alter posted accounting history.","Keep the posted transfer. An accountant must decide whether to post a correcting entry or formally reverse and repost it."
"FT2601-0009","2025-04-14","IDR 300.00","The USD transfer used legacy currency posting logic; changing it directly would alter posted accounting history.","Keep the posted transfer. An accountant must decide whether to post a correcting entry or formally reverse and repost it."
"FT2601-0010","2025-04-15","IDR 200.00","The USD transfer used legacy currency posting logic; changing it directly would alter posted accounting history.","Keep the posted transfer. An accountant must decide whether to post a correcting entry or formally reverse and repost it."
"FT2601-0011","2025-04-25","IDR 100.00","The USD transfer used legacy currency posting logic; changing it directly would alter posted accounting history.","Keep the posted transfer. An accountant must decide whether to post a correcting entry or formally reverse and repost it."
"FT2601-0012","2025-05-09","IDR 200.00","The USD transfer used legacy currency posting logic; changing it directly would alter posted accounting history.","Keep the posted transfer. An accountant must decide whether to post a correcting entry or formally reverse and repost it."
"FT2601-0013","2025-05-19","IDR 600.00","The USD transfer used legacy currency posting logic; changing it directly would alter posted accounting history.","Keep the posted transfer. An accountant must decide whether to post a correcting entry or formally reverse and repost it."
"FT2601-0014","2025-05-28","IDR 700.00","The USD transfer used legacy currency posting logic; changing it directly would alter posted accounting history.","Keep the posted transfer. An accountant must decide whether to post a correcting entry or formally reverse and repost it."
"FT2601-0020","2025-06-21","IDR 500.00","The USD transfer used legacy currency posting logic; changing it directly would alter posted accounting history.","Keep the posted transfer. An accountant must decide whether to post a correcting entry or formally reverse and repost it."
"FT2601-0019","2025-07-01","IDR 900.00","The USD transfer used legacy currency posting logic; changing it directly would alter posted accounting history.","Keep the posted transfer. An accountant must decide whether to post a correcting entry or formally reverse and repost it."
"FT2601-0015","2025-08-01","IDR 950.00","The USD transfer used legacy currency posting logic; changing it directly would alter posted accounting history.","Keep the posted transfer. An accountant must decide whether to post a correcting entry or formally reverse and repost it."
"FT2601-0016","2025-08-16","IDR 500.00","The USD transfer used legacy currency posting logic; changing it directly would alter posted accounting history.","Keep the posted transfer. An accountant must decide whether to post a correcting entry or formally reverse and repost it."
"FT2601-0017","2025-08-19","IDR 350.00","The USD transfer used legacy currency posting logic; changing it directly would alter posted accounting history.","Keep the posted transfer. An accountant must decide whether to post a correcting entry or formally reverse and repost it."
"FT2601-0018","2025-08-27","IDR 500.00","The USD transfer used legacy currency posting logic; changing it directly would alter posted accounting history.","Keep the posted transfer. An accountant must decide whether to post a correcting entry or formally reverse and repost it."
"FT2601-0005","2025-09-01","IDR 750.00","The USD transfer used legacy currency posting logic; changing it directly would alter posted accounting history.","Keep the posted transfer. An accountant must decide whether to post a correcting entry or formally reverse and repost it."
"FT2601-0024","2026-01-13","IDR 500.00","The USD transfer used legacy currency posting logic; changing it directly would alter posted accounting history.","Keep the posted transfer. An accountant must decide whether to post a correcting entry or formally reverse and repost it."
"JE2607-0050","2026-03-04","USD 2,000.00","The transaction is confirmed as USD, but the original transaction-date exchange rate is missing.; The journal source document or currency details cannot be confirmed from the historical records.","Check the original bank statement or supporting document and enter the actual transaction-date exchange rate.; Find the original source document and manually relink the journal or complete its currency details."
"JE2607-0049","2026-06-11","USD 4,200.00","The transaction is confirmed as USD, but the original transaction-date exchange rate is missing.; The journal source document or currency details cannot be confirmed from the historical records.","Check the original bank statement or supporting document and enter the actual transaction-date exchange rate.; Find the original source document and manually relink the journal or complete its currency details."
"JE2607-0048","2025-02-21","IDR 3,000,000.00","Legacy Bank Reconciliation loan journal has no native Loan source document","Investigate the source document, journal, bank line, and audit trail before making any change"
"EXP/25/054","2025-06-03","IDR 168,000.00","Required currency, payment method, or bank details cannot be confirmed from the historical records.","Review the original voucher and bank statement, then enter the confirmed currency, payment method, and bank account."
"EXP/25/057","2025-06-20","IDR 800,000.00","Required currency, payment method, or bank details cannot be confirmed from the historical records.","Review the original voucher and bank statement, then enter the confirmed currency, payment method, and bank account."
"EXP/25/059","2025-06-25","IDR 2,000,000.00","Required currency, payment method, or bank details cannot be confirmed from the historical records.","Review the original voucher and bank statement, then enter the confirmed currency, payment method, and bank account."
"EXP/25/060","2025-06-26","IDR 84,000.00","Required currency, payment method, or bank details cannot be confirmed from the historical records.","Review the original voucher and bank statement, then enter the confirmed currency, payment method, and bank account."
"EXP/25/061","2025-06-26","IDR 175,000.00","Required currency, payment method, or bank details cannot be confirmed from the historical records.","Review the original voucher and bank statement, then enter the confirmed currency, payment method, and bank account."
"EXP/25/062","2025-06-29","IDR 823,500.00","Required currency, payment method, or bank details cannot be confirmed from the historical records.","Review the original voucher and bank statement, then enter the confirmed currency, payment method, and bank account."
"EXP/25/064","2025-06-30","IDR 10,000,000.00","Required currency, payment method, or bank details cannot be confirmed from the historical records.","Review the original voucher and bank statement, then enter the confirmed currency, payment method, and bank account."
"EXP/25/066","2025-06-30","IDR 3,500,000.00","Required currency, payment method, or bank details cannot be confirmed from the historical records.","Review the original voucher and bank statement, then enter the confirmed currency, payment method, and bank account."
"EXP/25/067","2025-06-30","IDR 7,000,000.00","Required currency, payment method, or bank details cannot be confirmed from the historical records.","Review the original voucher and bank statement, then enter the confirmed currency, payment method, and bank account."
"EXP/25/073","2025-07-15","IDR 8,000,000.00","Required currency, payment method, or bank details cannot be confirmed from the historical records.","Review the original voucher and bank statement, then enter the confirmed currency, payment method, and bank account."
"EXP/25/076","2025-07-20","IDR 823,500.00","Required currency, payment method, or bank details cannot be confirmed from the historical records.","Review the original voucher and bank statement, then enter the confirmed currency, payment method, and bank account."
"EXP/25/077","2025-07-31","IDR 5,850,000.00","Required currency, payment method, or bank details cannot be confirmed from the historical records.","Review the original voucher and bank statement, then enter the confirmed currency, payment method, and bank account."
"EXP/25/082","2025-07-31","IDR 3,500,000.00","Required currency, payment method, or bank details cannot be confirmed from the historical records.","Review the original voucher and bank statement, then enter the confirmed currency, payment method, and bank account."
"EXP/25/095","2025-08-31","IDR 3,500,000.00","Required currency, payment method, or bank details cannot be confirmed from the historical records.","Review the original voucher and bank statement, then enter the confirmed currency, payment method, and bank account."
"EXP/25/100","2025-08-31","IDR 7,000,000.00","Required currency, payment method, or bank details cannot be confirmed from the historical records.","Review the original voucher and bank statement, then enter the confirmed currency, payment method, and bank account."
"EXP/25/103","2025-09-05","IDR 150,000.00","Required currency, payment method, or bank details cannot be confirmed from the historical records.","Review the original voucher and bank statement, then enter the confirmed currency, payment method, and bank account."
"EXP/25/111","2025-09-15","IDR 776,500.00","Required currency, payment method, or bank details cannot be confirmed from the historical records.","Review the original voucher and bank statement, then enter the confirmed currency, payment method, and bank account."
"EXP/25/113","2025-09-15","IDR 8,000,000.00","Required currency, payment method, or bank details cannot be confirmed from the historical records.","Review the original voucher and bank statement, then enter the confirmed currency, payment method, and bank account."
"EXP/25/118","2025-09-18","IDR 900,000.00","Required currency, payment method, or bank details cannot be confirmed from the historical records.","Review the original voucher and bank statement, then enter the confirmed currency, payment method, and bank account."
"EXP/25/121","2025-09-30","IDR 7,000,000.00","Required currency, payment method, or bank details cannot be confirmed from the historical records.","Review the original voucher and bank statement, then enter the confirmed currency, payment method, and bank account."
"EXP/25/133","2025-10-09","IDR 1,000,000.00","Required currency, payment method, or bank details cannot be confirmed from the historical records.","Review the original voucher and bank statement, then enter the confirmed currency, payment method, and bank account."
"EXP/25/139","2025-10-13","IDR 275,000.00","Required currency, payment method, or bank details cannot be confirmed from the historical records.","Review the original voucher and bank statement, then enter the confirmed currency, payment method, and bank account."
"EXP/25/143","2025-10-15","IDR 8,000,000.00","Required currency, payment method, or bank details cannot be confirmed from the historical records.","Review the original voucher and bank statement, then enter the confirmed currency, payment method, and bank account."
"EXP/25/168","2025-10-29","IDR 105,500.00","Required currency, payment method, or bank details cannot be confirmed from the historical records.","Review the original voucher and bank statement, then enter the confirmed currency, payment method, and bank account."
"EXP/25/175","2025-10-31","IDR 7,000,000.00","Required currency, payment method, or bank details cannot be confirmed from the historical records.","Review the original voucher and bank statement, then enter the confirmed currency, payment method, and bank account."
"EXP/25/207","2025-11-10","IDR 18,102,628.00","Required currency, payment method, or bank details cannot be confirmed from the historical records.","Review the original voucher and bank statement, then enter the confirmed currency, payment method, and bank account."
"EXP/25/208","2025-11-10","IDR 4,541,288.00","Required currency, payment method, or bank details cannot be confirmed from the historical records.","Review the original voucher and bank statement, then enter the confirmed currency, payment method, and bank account."
"EXP/25/251","2025-11-30","IDR 4,500,000.00","The voucher details conflict with the linked bank transaction.","Compare the voucher with the bank transaction, then correct the voucher details or relink it manually."
"EXP/25/261","2025-12-02","IDR 100,000.00","Required currency, payment method, or bank details cannot be confirmed from the historical records.","Review the original voucher and bank statement, then enter the confirmed currency, payment method, and bank account."
"EXP/25/265","2025-12-03","IDR 174,000.00","Required currency, payment method, or bank details cannot be confirmed from the historical records.","Review the original voucher and bank statement, then enter the confirmed currency, payment method, and bank account."
"EXP/25/277","2025-12-15","IDR 8,000,000.00","Required currency, payment method, or bank details cannot be confirmed from the historical records.","Review the original voucher and bank statement, then enter the confirmed currency, payment method, and bank account."
"EXP/25/279","2025-12-15","IDR 300,000.00","Required currency, payment method, or bank details cannot be confirmed from the historical records.","Review the original voucher and bank statement, then enter the confirmed currency, payment method, and bank account."
"EXP/25/282","2025-12-16","IDR 50,000.00","Required currency, payment method, or bank details cannot be confirmed from the historical records.","Review the original voucher and bank statement, then enter the confirmed currency, payment method, and bank account."
"EXP/25/298","2025-12-24","IDR 100,000.00","Required currency, payment method, or bank details cannot be confirmed from the historical records.","Review the original voucher and bank statement, then enter the confirmed currency, payment method, and bank account."
"EXP/26-26/088","2026-02-10","IDR 12,165,503.00","Required currency, payment method, or bank details cannot be confirmed from the historical records.","Review the original voucher and bank statement, then enter the confirmed currency, payment method, and bank account."
"EXP/26-26/089","2026-02-10","IDR 300,000.00","Required currency, payment method, or bank details cannot be confirmed from the historical records.","Review the original voucher and bank statement, then enter the confirmed currency, payment method, and bank account."
"EXP/26/074","2026-02-11","IDR 500,000.00","Required currency, payment method, or bank details cannot be confirmed from the historical records.","Review the original voucher and bank statement, then enter the confirmed currency, payment method, and bank account."
"EXP/26/075","2026-02-11","IDR 2,721,317.00","Required currency, payment method, or bank details cannot be confirmed from the historical records.","Review the original voucher and bank statement, then enter the confirmed currency, payment method, and bank account."
"EXP/26/076","2026-02-11","IDR 3,050,280.00","Required currency, payment method, or bank details cannot be confirmed from the historical records.","Review the original voucher and bank statement, then enter the confirmed currency, payment method, and bank account."
"EXP/26-26/090","2026-04-14","IDR 12,000,000.00","Required currency, payment method, or bank details cannot be confirmed from the historical records.","Review the original voucher and bank statement, then enter the confirmed currency, payment method, and bank account."
"EXP/26-26/091","2026-04-14","IDR 1,342,000.00","Required currency, payment method, or bank details cannot be confirmed from the historical records.","Review the original voucher and bank statement, then enter the confirmed currency, payment method, and bank account."
"EXP/26-26/086","2026-05-31","IDR 500,000.00","Required currency, payment method, or bank details cannot be confirmed from the historical records.","Review the original voucher and bank statement, then enter the confirmed currency, payment method, and bank account."
"EXP/26-26/087","2026-07-02","IDR 1,835,000.00","Required currency, payment method, or bank details cannot be confirmed from the historical records.","Review the original voucher and bank statement, then enter the confirmed currency, payment method, and bank account."
"PV/25-26/003","2025-12-22","USD 40,000.00","The voucher details conflict with the linked bank transaction.","Compare the voucher with the bank transaction, then correct the voucher details or relink it manually."
"PV/25-26/004","2026-03-30","IDR 21,000.00","Required currency, payment method, or bank details cannot be confirmed from the historical records.","Review the original voucher and bank statement, then enter the confirmed currency, payment method, and bank account."
"PV/26-27/001","2026-04-21","IDR 9,548.50","Required currency, payment method, or bank details cannot be confirmed from the historical records.","Review the original voucher and bank statement, then enter the confirmed currency, payment method, and bank account."
"RV2606-0009","2026-06-16","IDR 26.25","Required currency, payment method, or bank details cannot be confirmed from the historical records.","Review the original voucher and bank statement, then enter the confirmed currency, payment method, and bank account."
"RV2607-0003","2026-07-17","IDR 20,057,700.00","Required currency, payment method, or bank details cannot be confirmed from the historical records.","Review the original voucher and bank statement, then enter the confirmed currency, payment method, and bank account."
"RV2607-0004","2026-07-20","IDR 485,913,600.00","Required currency, payment method, or bank details cannot be confirmed from the historical records.","Review the original voucher and bank statement, then enter the confirmed currency, payment method, and bank account."
"RV2607-0007","2026-07-23","IDR 26,004,500.00","Required currency, payment method, or bank details cannot be confirmed from the historical records.","Review the original voucher and bank statement, then enter the confirmed currency, payment method, and bank account."
"SAPJ-005","2025-11-29","IDR 346,226,760.00","Taxed sales invoice assigned to a tax period is missing Faktur Pajak number","Enter the official Faktur Pajak number from the issued tax invoice; do not alter the sales amount, tax amount or posted journal"
"SAPJ-001","2025-12-02","IDR 23,578,620.00","Taxed sales invoice assigned to a tax period is missing Faktur Pajak number","Enter the official Faktur Pajak number from the issued tax invoice; do not alter the sales amount, tax amount or posted journal"
"SAPJ-002","2025-12-02","IDR 33,404,728.50","Taxed sales invoice assigned to a tax period is missing Faktur Pajak number","Enter the official Faktur Pajak number from the issued tax invoice; do not alter the sales amount, tax amount or posted journal"
"SAPJ-003","2025-12-02","IDR 28,130,397.00","Taxed sales invoice assigned to a tax period is missing Faktur Pajak number","Enter the official Faktur Pajak number from the issued tax invoice; do not alter the sales amount, tax amount or posted journal"
"SAPJ-006","2025-12-02","IDR 3,716,946.00","Taxed sales invoice assigned to a tax period is missing Faktur Pajak number","Enter the official Faktur Pajak number from the issued tax invoice; do not alter the sales amount, tax amount or posted journal"
"SAPJ-009","2025-12-15","IDR 77,901,021.00","Taxed sales invoice assigned to a tax period is missing Faktur Pajak number","Enter the official Faktur Pajak number from the issued tax invoice; do not alter the sales amount, tax amount or posted journal"
"SAPJ-008","2025-12-16","IDR 40,967,325.00","Taxed sales invoice assigned to a tax period is missing Faktur Pajak number","Enter the official Faktur Pajak number from the issued tax invoice; do not alter the sales amount, tax amount or posted journal"
"SAPJ-010","2025-12-24","IDR 151,098,750.00","Taxed sales invoice assigned to a tax period is missing Faktur Pajak number","Enter the official Faktur Pajak number from the issued tax invoice; do not alter the sales amount, tax amount or posted journal"
"SAPJ-011","2025-12-24","IDR 4,634,250.00","Taxed sales invoice assigned to a tax period is missing Faktur Pajak number","Enter the official Faktur Pajak number from the issued tax invoice; do not alter the sales amount, tax amount or posted journal"
"SAPJ-26-002","2026-01-15","IDR 664,614,720.00","Taxed sales invoice assigned to a tax period is missing Faktur Pajak number","Enter the official Faktur Pajak number from the issued tax invoice; do not alter the sales amount, tax amount or posted journal"
"SAPJ-26-003","2026-02-09","IDR 44,130,392.10","Taxed sales invoice assigned to a tax period is missing Faktur Pajak number","Enter the official Faktur Pajak number from the issued tax invoice; do not alter the sales amount, tax amount or posted journal"
"SAPJ-26-004","2026-02-16","IDR 181,880,160.00","Taxed sales invoice assigned to a tax period is missing Faktur Pajak number","Enter the official Faktur Pajak number from the issued tax invoice; do not alter the sales amount, tax amount or posted journal"
"SAPJ-26-005","2026-02-16","IDR 218,867,580.00","Taxed sales invoice assigned to a tax period is missing Faktur Pajak number","Enter the official Faktur Pajak number from the issued tax invoice; do not alter the sales amount, tax amount or posted journal"
"SAPJ-26-006","2026-02-26","IDR 29,245,991.40","Taxed sales invoice assigned to a tax period is missing Faktur Pajak number","Enter the official Faktur Pajak number from the issued tax invoice; do not alter the sales amount, tax amount or posted journal"
"SAPJ-26-007","2026-02-26","IDR 21,525,813.75","Taxed sales invoice assigned to a tax period is missing Faktur Pajak number","Enter the official Faktur Pajak number from the issued tax invoice; do not alter the sales amount, tax amount or posted journal"
"SAPJ-26-008","2026-03-10","IDR 4,333,141.69","Taxed sales invoice assigned to a tax period is missing Faktur Pajak number","Enter the official Faktur Pajak number from the issued tax invoice; do not alter the sales amount, tax amount or posted journal"
"SAPJ-26-009","2026-04-09","IDR 8,655,669.00","Taxed sales invoice assigned to a tax period is missing Faktur Pajak number","Enter the official Faktur Pajak number from the issued tax invoice; do not alter the sales amount, tax amount or posted journal"
"SAPJ-26-010","2026-04-10","IDR 626,373,000.00","Taxed sales invoice assigned to a tax period is missing Faktur Pajak number","Enter the official Faktur Pajak number from the issued tax invoice; do not alter the sales amount, tax amount or posted journal"
"SAPJ-26-011","2026-04-10","IDR 58,841,100.00","Taxed sales invoice assigned to a tax period is missing Faktur Pajak number","Enter the official Faktur Pajak number from the issued tax invoice; do not alter the sales amount, tax amount or posted journal"
"SAPJ-26-012","2026-04-13","IDR 16,758,780.00","Taxed sales invoice assigned to a tax period is missing Faktur Pajak number","Enter the official Faktur Pajak number from the issued tax invoice; do not alter the sales amount, tax amount or posted journal"
"SAPJ-26-013","2026-04-13","IDR 153,589,590.00","Taxed sales invoice assigned to a tax period is missing Faktur Pajak number","Enter the official Faktur Pajak number from the issued tax invoice; do not alter the sales amount, tax amount or posted journal"
"SAPJ-26-014","2026-04-14","IDR 44,545,410.00","Taxed sales invoice assigned to a tax period is missing Faktur Pajak number","Enter the official Faktur Pajak number from the issued tax invoice; do not alter the sales amount, tax amount or posted journal"
"SAPJ-26-015","2026-04-22","IDR 1,384,170.00","Taxed sales invoice assigned to a tax period is missing Faktur Pajak number","Enter the official Faktur Pajak number from the issued tax invoice; do not alter the sales amount, tax amount or posted journal"
"SAPJ-26-016","2026-05-04","IDR 459,340,200.00","Taxed sales invoice assigned to a tax period is missing Faktur Pajak number","Enter the official Faktur Pajak number from the issued tax invoice; do not alter the sales amount, tax amount or posted journal"
"SAPJ-26-017","2026-05-05","IDR 87,782,130.00","Taxed sales invoice assigned to a tax period is missing Faktur Pajak number","Enter the official Faktur Pajak number from the issued tax invoice; do not alter the sales amount, tax amount or posted journal"
"SAPJ-26-018","2026-05-07","IDR 97,738,830.00","Taxed sales invoice assigned to a tax period is missing Faktur Pajak number","Enter the official Faktur Pajak number from the issued tax invoice; do not alter the sales amount, tax amount or posted journal"
"SAPJ-26-019","2026-05-07","IDR 58,503,105.00","Taxed sales invoice assigned to a tax period is missing Faktur Pajak number","Enter the official Faktur Pajak number from the issued tax invoice; do not alter the sales amount, tax amount or posted journal"
"SAPJ-26-020","2026-05-21","IDR 1,300,226.25","Taxed sales invoice assigned to a tax period is missing Faktur Pajak number","Enter the official Faktur Pajak number from the issued tax invoice; do not alter the sales amount, tax amount or posted journal"
"SAPJ-26-021","2026-06-02","IDR 26,004,525.00","Taxed sales invoice assigned to a tax period is missing Faktur Pajak number","Enter the official Faktur Pajak number from the issued tax invoice; do not alter the sales amount, tax amount or posted journal"
"SAPJ-26-022","2026-06-10","IDR 20,057,700.00","Taxed sales invoice assigned to a tax period is missing Faktur Pajak number","Enter the official Faktur Pajak number from the issued tax invoice; do not alter the sales amount, tax amount or posted journal"
"SAPJ-26-023","2026-06-19","IDR 485,913,600.00","Taxed sales invoice assigned to a tax period is missing Faktur Pajak number","Enter the official Faktur Pajak number from the issued tax invoice; do not alter the sales amount, tax amount or posted journal"
"SAPJ-26-024","2026-06-23","IDR 46,363,590.00","Taxed sales invoice assigned to a tax period is missing Faktur Pajak number","Enter the official Faktur Pajak number from the issued tax invoice; do not alter the sales amount, tax amount or posted journal"
"SAPJ-26-025","2026-06-24","IDR 33,327,056.25","Taxed sales invoice assigned to a tax period is missing Faktur Pajak number","Enter the official Faktur Pajak number from the issued tax invoice; do not alter the sales amount, tax amount or posted journal"
"SAPJ-26-026","2026-06-26","IDR 104,574,487.50","Taxed sales invoice assigned to a tax period is missing Faktur Pajak number","Enter the official Faktur Pajak number from the issued tax invoice; do not alter the sales amount, tax amount or posted journal"
"SAPJ-26-027","2026-07-07","IDR 20,056,600.00","Taxed sales invoice assigned to a tax period is missing Faktur Pajak number","Enter the official Faktur Pajak number from the issued tax invoice; do not alter the sales amount, tax amount or posted journal"
"SAPJ-26-028","2026-07-07","IDR 49,215,412.00","Taxed sales invoice assigned to a tax period is missing Faktur Pajak number","Enter the official Faktur Pajak number from the issued tax invoice; do not alter the sales amount, tax amount or posted journal"
"SAPJ-26-030","2026-07-22","IDR 119,890,000.00","Taxed sales invoice assigned to a tax period is missing Faktur Pajak number","Enter the official Faktur Pajak number from the issued tax invoice; do not alter the sales amount, tax amount or posted journal"
"SAPJ-26-031","2026-07-22","IDR 15,612,715.00","Taxed sales invoice assigned to a tax period is missing Faktur Pajak number","Enter the official Faktur Pajak number from the issued tax invoice; do not alter the sales amount, tax amount or posted journal"
"No voucher number","2025-02-21","IDR 3,603,604.00","The bank transaction is linked to a document, but no active journal entry can be confirmed.","Relink the correct active journal, or create it through the original Finance module after verification."
"No voucher number","2025-10-15","IDR 5,200,000.00","The bank transaction is linked to a document, but no active journal entry can be confirmed.","Relink the correct active journal, or create it through the original Finance module after verification."
"JE2606-0063","2026-01-07","IDR 500,000.00","The bank transaction is linked to more than one Finance document.","Confirm which Finance document owns the bank transaction, then keep only that link."
"EXP/26-26/085","2025-10-15","IDR 4,684,685.00","The approved expense has no active journal entry.","Keep the expense. Finance should create or relink the correct journal entry after checking the supporting documents."
"JE2602-0085","2026-01-06","IDR 20,000,000.00","The journal source document or currency details cannot be confirmed from the historical records.","Find the original source document and manually relink the journal or complete its currency details."
